Nest_Box,Section,Age,Clutch_initiation_date,Hatch_date,Clutch_size,iButton_placed,incubation_date,clutch_completion,relative_incu_start,clutch_completion_to_hatch_interval,incubation_duration,mean_temp1,mean_temp2,mean_temp3,mean_temp4,mean_temp5,mean_temp6,mean_temp7,mean_temp8,mean_temp9,mean_temp10,mean_temp11,mean_max_temp1,mean_max_temp2,mean_max_temp3,mean_max_temp4,mean_max_temp5,mean_max_temp6,mean_max_temp7,mean_max_temp8,mean_max_temp9,mean_max_temp10,mean_max_temp11,mean_min_temp1,mean_min_temp2,mean_min_temp3,mean_min_temp4,mean_min_temp5,mean_min_temp6,mean_min_temp7,mean_min_temp8,mean_min_temp9,mean_min_temp10,mean_min_temp11,temp_range1,temp_range2,temp_range3,temp_range4,temp_range5,temp_range6,temp_range7,temp_range8,temp_range9,temp_range10,temp_range11,incu_mean_temp,incu_mean_max_temp,incu_mean_min_temp,incu_temp_range
b122,b,5,20,44,7,23,34,26,8,18,10,10.34695833,10.16771094,10.06489706,10.08662269,10.05996601,10.00177083,10.00934722,10.04316004,10.03283333,10.06803906,10.07357083,14.1794,14.118,14.01588235,14.10277778,14.23331579,14.2317,14.24219048,14.29445455,14.22765217,14.25266667,14.33584,6.810133333,6.5183125,6.408823529,6.335944444,6.121789474,5.9605,5.988238095,5.976272727,6.014565217,6.088916667,6.04672,7.369266667,7.5996875,7.607058824,7.766833333,8.111526316,8.2712,8.253952381,8.318181818,8.213086957,8.16375,8.28912,13.82264362,15.443,8.369636364,7.073363636
b14,b,6,13,37,8,19,26,20,6,17,11,10.1137247,10.10366667,10.16715104,10.18190319,10.21400463,10.12433004,10.20558229,10.33977877,10.3733125,10.42559058,10.4951684,16.20871429,16.05813333,16.09075,16.12323529,16.18344444,16.07252632,15.9758,15.93004762,15.90836364,15.86408696,15.886125,5.101428571,5.173133333,5.31825,5.280235294,5.281277778,5.212842105,5.305,5.633142857,5.632227273,5.754086957,5.915458333,11.10728571,10.885,10.7725,10.843,10.90216667,10.85968421,10.6708,10.29690476,10.27613636,10.11,9.970666667,13.37861207,16.96616667,6.61075,10.35541667
b142,b,6,16,44,8,21,34,23,11,21,10,10.0156261,9.949497917,9.941324405,9.959483902,9.940091486,9.975581597,9.962506667,9.968408654,9.902055556,9.95664881,10.04867601,15.68684211,15.7315,15.77490476,15.79445455,15.7033913,15.732125,15.736,15.74919231,15.66862963,15.60053571,15.56737931,5.562421053,5.41745,5.402857143,5.378181818,5.396565217,5.476125,5.43892,5.426307692,5.368148148,5.419464286,5.640172414,10.12442105,10.31405,10.37204762,10.41627273,10.30682609,10.256,10.29708,10.32288462,10.30048148,10.18107143,9.927206897,13.4603234,16.72218182,7.927272727,8.794909091
b165,b,5,21,48,8,28,39,28,11,20,9,10.86726974,10.75869271,10.59650794,10.48818277,10.46387409,10.41492101,10.34604667,10.32419311,10.32480941,10.29583259,10.31293678,16.06242105,15.9443,15.89409524,15.79436364,15.83126087,15.96941667,15.99384,16.01880769,16.0257037,15.94264286,15.95817241,6.903,6.782,6.508142857,6.390409091,6.27473913,6.100708333,5.9632,5.930423077,5.890777778,5.887571429,5.936482759,9.159421053,9.1623,9.385952381,9.403954545,9.556521739,9.868708333,10.03064,10.08838462,10.13492593,10.05507143,10.02168966,12.69863235,18.3697,9.2374,9.1323
b190,b,5,11,38,10,16,28,20,8,18,10,9.728061343,9.740588816,9.780928125,9.712070437,9.799042614,9.932875906,9.971459201,10.02842167,10.0953734,10.18035417,10.20012574,14.3565,14.42357895,14.5059,14.49680952,14.46290909,14.47008696,14.47666667,14.4702,14.51003846,14.64203704,14.67289286,5.544888889,5.484684211,5.50275,5.435333333,5.505363636,5.79573913,5.787333333,5.89512,6.033269231,6.100740741,6.132,8.811611111,8.938894737,9.00315,9.06147619,8.957545455,8.674347826,8.689333333,8.57508,8.476769231,8.541296296,8.540892857,13.05976466,15.00945455,6.558363636,8.451090909
b194A,b,5,16,38,7,23,24,22,2,16,14,10.60975694,10.42800833,10.13991856,9.978484375,9.979721154,9.897666667,10.06405556,10.06892494,10.10431415,10.07727551,10.10862473,15.96755556,15.7803,15.98027273,15.97466667,16.04223077,16.373,16.67633333,16.8165625,16.96605882,16.83094444,16.95736842,6.855,6.5428,6.03,5.822833333,5.657230769,5.3265,5.081866667,5.119375,5.071117647,5.066666667,5.155315789,9.112555556,9.2375,9.950272727,10.15183333,10.385,11.0465,11.59446667,11.6971875,11.89494118,11.76427778,11.80205263,15.0491226,17.5538,6.9714,10.5824
b197,b,5,15,43,9,26,31,23,8,20,12,10.20440564,10.18907523,10.21156689,10.19117188,10.21628869,10.21780682,10.23058877,10.15772222,10.22074917,10.32812901,10.35375,15.38605882,15.36788889,15.38457895,15.3025,15.32666667,15.34577273,15.38230435,15.31141667,15.26372,15.25342308,15.26244444,5.727647059,5.720277778,5.654263158,5.6921,5.759190476,5.726090909,5.714956522,5.652458333,5.7104,5.959115385,5.93637037,9.658411765,9.647611111,9.730315789,9.6104,9.56747619,9.619681818,9.667347826,9.658958333,9.55332,9.294307692,9.326074074,13.88130769,15.55915385,7.326538462,8.232615385
b201,b,5,23,43,8,28,32,30,2,13,11,10.59591875,10.62668371,10.63538715,10.49750321,10.27640476,10.12722778,10.137,10.1123799,10.04452778,10.03525987,10.05873646,14.0993,14.09190909,14.38858333,14.30707692,14.24171429,14.10146667,14.26075,14.43811765,14.53316667,14.54236842,14.5945,7.4701,7.620727273,7.39575,7.210230769,6.822357143,6.657933333,6.52975,6.276235294,6.075277778,6.050894737,6.0007,6.6292,6.471181818,6.992833333,7.096846154,7.419357143,7.443533333,7.731,8.161882353,8.457888889,8.491473684,8.5938,13.41100506,14.57675,7.463416667,7.113333333
b212,b,5,21,42,8,26,29,28,1,14,13,10.68587037,10.49952083,10.20781818,10.04922917,10.05860577,9.992824405,9.8975625,9.90553125,9.939931373,9.919956019,9.959135965,14.83988889,14.7167,14.63872727,14.49016667,14.62953846,14.87871429,14.88173333,14.9705,15.02670588,14.91655556,14.95321053,7.394,7.1186,6.613454545,6.391416667,6.237384615,5.939357143,5.714533333,5.710125,5.673,5.709722222,5.808631579,7.445888889,7.5981,8.025272727,8.09875,8.392153846,8.939357143,9.1672,9.260375,9.353705882,9.206833333,9.144578947,13.46314093,15.54564286,7.414,8.131642857
b216,b,5,26,44,6,30,31,31,0,13,13,11.31197222,10.99005357,10.99580729,10.97603472,11.00530417,10.98849242,10.81792361,10.55635897,10.39669345,10.39373611,10.31010026,15.98716667,15.12957143,15.152,15.246,15.2085,15.51354545,15.38691667,15.28461538,15.14321429,15.292,15.4104375,7.549833333,7.521428571,7.59425,7.393111111,7.5833,7.277090909,7.07425,6.632307692,6.428285714,6.264,5.9594375,8.437333333,7.608142857,7.55775,7.852888889,7.6252,8.236454545,8.312666667,8.652307692,8.714928571,9.028,9.451,13.88075745,15.75142857,7.270071429,8.481357143
b217,b,6,9,34,8,14,21,16,5,18,13,9.370025641,9.290422619,9.442286111,9.653598958,9.722498775,9.81009838,9.912757675,10.03193854,10.06450198,10.15266383,10.20955445,14.93623077,14.8005,14.73306667,14.728875,14.73258824,14.69061111,14.73552632,14.90435,14.93780952,15.0565,15.23291304,4.559769231,4.550857143,4.7316,5.1879375,5.217588235,5.407944444,5.624526316,5.7441,5.822380952,5.9335,5.912043478,10.37646154,10.24964286,10.00146667,9.5409375,9.515,9.282666667,9.111,9.16025,9.115428571,9.123,9.320869565,12.90606901,14.37021429,6.494285714,7.875928571
b36,b,6,6,32,8,14,19,13,6,19,13,9.91191369,9.981944444,10.06390234,10.16544975,10.29973611,10.3374057,10.45159479,10.53770676,10.60364042,10.39947278,10.13567304,14.97178571,14.9766,14.922,14.96976471,15.13405556,15.16889474,15.3068,15.53295238,15.67022727,15.46565217,15.2415,5.281714286,5.317133333,5.5091875,5.741470588,5.885111111,5.980578947,6.13245,6.135190476,6.166272727,5.978521739,5.785416667,9.690071429,9.659466667,9.4128125,9.228294118,9.248944444,9.188315789,9.17435,9.397761905,9.503954545,9.487130435,9.456083333,12.93800792,14.77892857,6.786642857,7.992285714
b46,b,6,19,39,6,21,29,24,5,15,10,10.02083712,9.853470486,9.871266026,9.859855655,9.778498611,9.775544271,9.815106618,9.798229167,9.839413377,9.847316667,9.866217262,15.36772727,15.22016667,15.447,15.89614286,15.96,15.992375,16.05782353,15.93855556,15.97684211,16.1365,16.18557143,6.369909091,6.162166667,5.991230769,5.714642857,5.495866667,5.46925,5.438352941,5.466666667,5.558052632,5.51795,5.508571429,8.997818182,9.058,9.455769231,10.1815,10.46413333,10.523125,10.61947059,10.47188889,10.41878947,10.61855,10.677,13.02800763,17.71827273,6.734545455,10.98372727
b53,b,6,6,29,9,10,18,14,4,15,11,10.17416346,10.23130357,10.30910833,10.40755469,10.53867892,10.57189931,10.67324452,10.74908873,10.79699205,10.57346869,10.28515517,15.64884615,15.664,15.58946667,15.6181875,15.79823529,15.96172222,16.08826316,16.28035,16.475,16.242,16.002,5.238384615,5.249142857,5.4342,5.6784375,5.809058824,5.914722222,6.058789474,6.041,6.048809524,5.827545455,5.611826087,10.41046154,10.41485714,10.15526667,9.93975,9.989176471,10.047,10.02947368,10.23935,10.42619048,10.41445455,10.39017391,12.79583253,15.55791667,6.057916667,9.5
b71,b,6,11,33,8,18,22,18,4,15,11,9.823057292,9.8465,9.887925595,9.774073611,9.875721354,10.04330147,10.0885162,10.14521162,10.22917708,10.3452996,10.39798958,17.12191667,17.24661538,17.22392857,17.04573333,16.8624375,16.75594118,16.75166667,16.63915789,16.62865,16.71742857,16.81236364,4.009416667,4.011076923,4.043785714,3.967666667,4.1243125,4.575647059,4.573222222,4.709526316,4.93555,5.07147619,5.166545455,13.1125,13.23553846,13.18014286,13.07806667,12.738125,12.18029412,12.17844444,11.92963158,11.6931,11.64595238,11.64581818,13.84950204,16.98616667,6.030166667,10.956
b79,b,5,17,38,7,21,26,23,3,15,12,9.844041667,9.823560606,9.747364583,9.759860577,9.83538244,9.8214875,9.877394531,9.884308824,9.913311343,9.839758772,9.926619792,15.3718,15.79836364,15.87725,15.96330769,16.06392857,15.91293333,15.945375,15.95188235,15.989,15.93642105,15.8264,5.5426,5.202545455,4.961083333,4.998615385,4.981428571,5.041933333,5.189125,5.145235294,5.144666667,5.077947368,5.1782,9.8292,10.59581818,10.91616667,10.96469231,11.0825,10.871,10.75625,10.80664706,10.84433333,10.85847368,10.6482,13.28065554,16.50330769,6.966230769,9.537076923
c10,c,NA,3,24,10,9,11,12,-1,12,13,11.0448588,11.28817292,11.30454924,11.42692535,11.49928135,11.57808358,11.22570195,10.78923107,10.40286118,10.16602552,9.899583516,16.00688889,16.3054,16.42436364,16.58616667,16.88192308,17.14885714,16.85833333,16.4513125,15.99252941,15.59522222,15.39815789,6.79,7.0578,7.134272727,7.2765,7.131307692,7.141357143,6.790066667,6.4001875,6.119,5.914444444,5.536263158,9.216888889,9.2476,9.290090909,9.309666667,9.750615385,10.0075,10.06826667,10.051125,9.873529412,9.680777778,9.861894737,12.71792789,16.80471429,4.406,12.39871429
c108,c,6,3,26,10,9,14,12,2,14,12,10.82348264,11.02271955,11.05676042,11.17704583,11.27187598,11.36027027,11.07751508,10.71501648,10.39534864,10.19198211,9.972518975,15.66366667,15.86884615,15.98214286,16.18053333,16.4949375,16.70241176,16.46211111,16.11173684,15.7242,15.36757143,15.21454545,6.54875,6.760615385,6.8525,6.999066667,6.9585625,6.996705882,6.719833333,6.425736842,6.2114,6.056380952,5.735272727,9.114916667,9.108230769,9.129642857,9.181466667,9.536375,9.705705882,9.742277778,9.686,9.5128,9.311190476,9.479272727,12.53386142,15.49230769,5.281538462,10.21076923
c113,c,6,5,28,10,11,14,14,0,14,14,10.61836042,10.6845,10.81901215,11.02050962,11.05815923,11.18281389,11.2792624,11.37368919,11.09441531,10.73398681,10.41094154,15.6876,15.56909091,15.60616667,15.82546154,15.94185714,16.07193333,16.3305625,16.54770588,16.323,15.98321053,15.6052,6.0042,6.247,6.53825,6.765384615,6.838928571,6.9906,6.9270625,6.970764706,6.688333333,6.389263158,6.1673,9.6834,9.322090909,9.067916667,9.060076923,9.102928571,9.081333333,9.4035,9.576941176,9.634666667,9.593947368,9.4379,12.75818852,15.97133333,5.6334,10.33793333
c132,c,NA,8,30,9,14,17,16,1,14,13,9.935872917,10.09588258,10.32933681,10.38651923,10.46894494,10.59301111,10.76929557,10.81223652,10.92605903,11.01857033,11.10636952,16.4332,16.21845455,16.11258333,16.06161538,15.95971429,15.96333333,16.1113125,16.19035294,16.34411111,16.60026316,16.77135,4.4083,4.647727273,5.270916667,5.320153846,5.541785714,5.826,6.0433125,6.161176471,6.321722222,6.323263158,6.38745,12.0249,11.57072727,10.84166667,10.74146154,10.41792857,10.13733333,10.068,10.02917647,10.02238889,10.277,10.3839,12.65164082,15.37728571,6.426357143,8.950928571
c143,c,6,8,36,10,14,24,17,7,19,12,9.691082108,9.79099537,9.944792763,9.986876042,10.04149603,10.12335511,10.25010507,10.28892188,10.39772583,10.49748395,10.58201236,14.88658824,14.81572222,14.80178947,14.79555,14.74214286,14.78190909,14.91356522,14.96375,15.08512,15.28142308,15.42840741,4.975235294,5.095833333,5.458157895,5.47655,5.636809524,5.811045455,5.940086957,6.013875,6.13956,6.183076923,6.228037037,9.911352941,9.719888889,9.343631579,9.319,9.105333333,8.970863636,8.973478261,8.949875,8.94556,9.098346154,9.20037037,12.96081798,15.04238462,6.550538462,8.491846154
c51,c,NA,6,37,10,14,26,15,11,22,11,9.772348214,9.813454545,9.87685779,9.962224826,10.07407,10.09637981,10.16834954,10.23083532,10.27919856,10.13009179,9.932452221,15.35880952,15.36031818,15.33173913,15.34991667,15.4644,15.49296154,15.5867037,15.73635714,15.85193103,15.71746667,15.50864516,4.829761905,4.819045455,4.93226087,5.125,5.26464,5.294461538,5.391888889,5.390357143,5.419275862,5.2995,5.14483871,10.52904762,10.54127273,10.39947826,10.22491667,10.19976,10.1985,10.19481481,10.346,10.43265517,10.41796667,10.36380645,12.68943652,15.40725,5.787583333,9.619666667
c54,c,6,8,32,9,14,23,16,7,16,9,9.73196875,9.841518382,10.00773148,10.05053399,10.10446354,10.19501984,10.33383996,10.37890127,10.49137326,10.59524624,10.69079133,15.95675,15.83511765,15.77572222,15.73252632,15.64975,15.64947619,15.75740909,15.84508696,15.94891667,16.1396,16.2795,4.1236875,4.303176471,4.734666667,4.757315789,4.9253,5.146047619,5.332454545,5.382521739,5.55925,5.57868,5.654576923,11.8330625,11.53194118,11.04105556,10.97521053,10.72445,10.50342857,10.42495455,10.46256522,10.38966667,10.56092,10.62492308,13.0579657,15.4108,6.9362,8.4746
cp10,cp,5,16,39,10,22,29,25,4,14,10,10.09080506,9.989006944,9.984722656,10.02308088,10.02170139,10.06923904,10.07186458,10.0893502,10.02623485,10.10419022,10.22253385,14.51535714,14.48193333,14.503625,14.56335294,14.50844444,14.555,14.60945,14.6527619,14.59240909,14.56726087,14.57554167,6.304214286,6.0774,6.0635625,6.044,6.092888889,6.189526316,6.13515,6.115904762,6.055545455,6.120608696,6.371125,8.211142857,8.404533333,8.4400625,8.519352941,8.415555556,8.365473684,8.4743,8.536857143,8.536863636,8.446652174,8.204416667,13.12787203,15.18763636,7.431272727,7.756363636
cp2,cp,5,13,37,8,15,26,20,6,17,11,9.669497024,9.671954167,9.733666667,9.743397059,9.779494213,9.725515351,9.830270833,9.981689484,10.03195833,10.09495109,10.1636441,14.81357143,14.7076,14.748125,14.74329412,14.80866667,14.755,14.73805,14.74957143,14.77713636,14.76686957,14.77575,5.291285714,5.271866667,5.39625,5.350764706,5.362722222,5.327105263,5.4333,5.75352381,5.750727273,5.87926087,6.033708333,9.522285714,9.435733333,9.351875,9.392529412,9.445944444,9.427894737,9.30475,8.996047619,9.026409091,8.887608696,8.742041667,13.15366458,15.62166667,6.4865,9.135166667
cp26,cp,5,25,47,10,29,34,34,0,13,13,10.52532292,10.56113826,10.58692535,10.64037821,10.65468155,10.53626528,10.3435638,10.22972672,10.23287153,10.18335526,10.09152292,16.0301,16.01481818,15.99166667,15.95276923,16.22371429,16.17453333,16.0609375,15.93858824,16.01438889,16.20415789,16.2121,6.3023,6.475454545,6.446916667,6.674076923,6.496214286,6.354666667,6.038125,5.925352941,5.853111111,5.626210526,5.4409,9.7278,9.539363636,9.54475,9.278692308,9.7275,9.819866667,10.0228125,10.01323529,10.16127778,10.57794737,10.7712,13.19101884,19.55221429,8.314071429,11.23814286
cp28,cp,5,13,35,9,15,24,21,3,14,11,9.728529514,9.734104167,9.798747024,9.811579167,9.843205729,9.767030637,9.876532407,10.03658443,10.08532917,10.15058631,10.23100663,16.44641667,16.26161538,16.27335714,16.29186667,16.2963125,16.23017647,16.11916667,16.05284211,16.01825,15.95109524,15.93563636,4.655083333,4.793,4.9875,4.984266667,5.005,4.949352941,5.064,5.437578947,5.46295,5.62052381,5.803727273,11.79133333,11.46861538,11.28585714,11.3076,11.2913125,11.28082353,11.05516667,10.61526316,10.5553,10.33057143,10.13190909,13.22133382,16.48741667,6.268833333,10.21858333
cp40,cp,6,9,31,8,15,17,16,1,15,14,10.2936412,10.13217083,10.28121212,10.50536979,10.54173237,10.61754613,10.71078056,10.85310417,10.88206863,11.01013889,11.10291209,16.239,16.0671,15.86372727,15.77258333,15.66653846,15.58907143,15.5846,15.7529375,15.76147059,15.82822222,16.01973684,5.032555556,4.9146,5.103545455,5.695,5.732076923,5.970142857,6.214066667,6.36475,6.471882353,6.633333333,6.609315789,11.20644444,11.1525,10.76018182,10.07758333,9.934461538,9.618928571,9.370533333,9.3881875,9.289588235,9.194888889,9.410421053,12.9067711,14.87826667,6.775,8.103266667
cp7,cp,6,14,39,8,18,29,21,8,18,10,9.968473958,9.994001225,9.981491898,10.01358991,10.01250521,10.02905952,9.955006629,10.03038496,10.15003906,10.1858775,10.23403125,14.8899375,14.93905882,14.86427778,14.88647368,14.8657,14.91557143,14.86972727,14.82786957,14.82083333,14.82188,14.79873077,5.7839375,5.755764706,5.769166667,5.870421053,5.8233,5.810619048,5.7305,5.780347826,6.045791667,6.04636,6.158,9.106,9.183294118,9.095111111,9.016052632,9.0424,9.104952381,9.139227273,9.047521739,8.775041667,8.77552,8.640730769,13.29641356,16.317,7.018181818,9.298818182
ex1,ex,5,33,54,9,38,41,41,0,13,13,10.678,10.46391875,10.46966667,10.61654861,10.65753045,10.67739137,10.64098889,10.62357422,10.50884681,10.51027894,10.50393421,14.95011111,14.6342,14.45545455,14.79691667,15.004,14.96242857,14.8596,14.9418125,14.62376471,14.65777778,14.64205263,7.486888889,7.2277,7.363363636,7.392833333,7.398461538,7.466,7.457666667,7.4229375,7.451294118,7.466055556,7.452894737,7.463222222,7.4065,7.092090909,7.404083333,7.605538462,7.496428571,7.401933333,7.518875,7.172470588,7.191722222,7.189157895,12.23196087,16.88,9.476642857,7.403357143
ex12,ex,NA,13,40,9,19,28,21,7,19,12,10.00047266,9.977759804,10.03199074,10.01980154,10.03010521,9.960842262,10.03721023,10.15485054,10.1931441,10.23732917,10.29980208,15.2400625,15.10929412,15.18094444,15.25494737,15.2996,15.25352381,15.20595455,15.17613043,15.19316667,15.15124,15.16792308,5.9093125,5.940235294,6.040888889,5.965894737,5.93915,5.864190476,5.924363636,6.186434783,6.191583333,6.29412,6.422538462,9.33075,9.169058824,9.140055556,9.289052632,9.36045,9.389333333,9.281590909,8.989695652,9.001583333,8.85712,8.745384615,13.17975088,15.83984615,7.534538462,8.305307692
ex29,ex,5,14,37,9,19,26,22,4,15,11,9.567230769,9.61975,9.622777778,9.684675781,9.691015931,9.719012731,9.651019737,9.747059375,9.887366071,9.929958333,9.985146739,14.16992308,14.26435714,14.18313333,14.2375,14.28176471,14.33155556,14.27384211,14.24695,14.25547619,14.28318182,14.25669565,5.564615385,5.547357143,5.6246,5.7589375,5.703705882,5.693055556,5.623947368,5.7032,6.002095238,6.005545455,6.134304348,8.605307692,8.717,8.558533333,8.4785625,8.578058824,8.6385,8.649894737,8.54375,8.253380952,8.277636364,8.122391304,12.93110188,14.76516667,7.00375,7.761416667
ex31,ex,5,14,43,10,19,34,23,11,20,9,9.863059524,9.887578598,9.875086051,9.914534722,9.9040825,9.91290625,9.858324846,9.917124256,10.01120905,10.03931111,10.0756418,14.404,14.47231818,14.41491304,14.47445833,14.5042,14.54130769,14.50840741,14.47785714,14.47317241,14.48756667,14.46467742,5.897095238,5.885045455,5.914913043,5.989333333,5.9324,5.913615385,5.854407407,5.897964286,6.107068966,6.112133333,6.199774194,8.506904762,8.587272727,8.5,8.485125,8.5718,8.627692308,8.654,8.579892857,8.366103448,8.375433333,8.264903226,13.36454858,15.3368,8.3964,6.9404
ex40,ex,5,14,37,10,19,26,23,3,14,11,9.557583333,9.602272321,9.5869375,9.668108073,9.654411765,9.661627315,9.590747807,9.677021875,9.809173611,9.850678977,9.89940942,14.48961538,14.595,14.46906667,14.593875,14.64505882,14.65922222,14.57621053,14.51715,14.49357143,14.49495455,14.43626087,5.476615385,5.486357143,5.545,5.67875,5.600941176,5.587611111,5.519473684,5.5901,5.884142857,5.908909091,6.046217391,9.013,9.108642857,8.924066667,8.915125,9.044117647,9.071611111,9.056736842,8.92705,8.609428571,8.586045455,8.390043478,12.79675313,15.10833333,7.009666667,8.098666667
ex46,ex,5,24,45,9,29,33,32,1,13,12,10.29682083,10.32795833,10.36971354,10.41497756,10.30348065,10.11491528,10.00941016,10.02692034,9.996637731,9.936118421,9.9293375,13.9012,13.95472727,13.94191667,14.249,14.24835714,14.16006667,14.1024375,14.20629412,14.41338889,14.42405263,14.4524,7.1319,7.139909091,7.308583333,7.161846154,7.022642857,6.705333333,6.5806875,6.496529412,6.264833333,6.107105263,6.05925,6.7693,6.814818182,6.633333333,7.087153846,7.225714286,7.454733333,7.52175,7.709764706,8.148555556,8.316947368,8.39315,13.25049776,15.23684615,8.097615385,7.139230769
ex51b,ex,6,15,37,9,19,26,23,3,14,11,9.591626736,9.605347756,9.655315476,9.648718056,9.715153646,9.714846814,9.738738426,9.666343202,9.759479167,9.897520833,9.941284091,15.08441667,15.07923077,15.11064286,14.96646667,15.051875,15.04982353,15.07588889,14.99363158,14.93525,14.91528571,14.94554545,5.3685,5.367384615,5.370857143,5.436733333,5.572875,5.526705882,5.517111111,5.455578947,5.5384,5.84347619,5.849772727,9.715916667,9.711846154,9.739785714,9.529733333,9.479,9.523117647,9.558777778,9.538052632,9.39685,9.071809524,9.095772727,12.85038715,15.36641667,6.970583333,8.395833333
ex52,ex,6,9,33,9,19,21,17,4,16,12,9.683399038,9.607604167,9.732891667,9.914498698,9.966196078,10.03696181,10.12373465,10.24214688,10.28900397,10.40414678,10.49184574,16.12892308,16.01321429,15.85446667,15.7665,15.71470588,15.63033333,15.62742105,15.7689,15.879,15.98195455,16.1793913,4.634,4.621928571,4.787466667,5.234375,5.288941176,5.484,5.681684211,5.79995,5.889,6.027045455,6.01926087,11.49492308,11.39128571,11.067,10.532125,10.42576471,10.14633333,9.945736842,9.96895,9.99,9.954909091,10.16013043,13.01201703,14.53261538,6.930153846,7.602461538
ex61,ex,5,13,37,9,19,26,21,5,16,11,9.473784226,9.470416667,9.522799479,9.522982843,9.554335648,9.482448465,9.57534375,9.714238095,9.756966856,9.81122192,9.888056424,14.52428571,14.42173333,14.4885625,14.48858824,14.56166667,14.50178947,14.45105,14.43795238,14.45163636,14.42056522,14.452125,5.264428571,5.332,5.4499375,5.399,5.388555556,5.306578947,5.3771,5.685714286,5.698363636,5.805347826,5.953083333,9.259857143,9.089733333,9.038625,9.089588235,9.173111111,9.195210526,9.07395,8.752238095,8.753272727,8.615217391,8.499041667,13.1203942,15.36533333,6.705916667,8.659416667
ex62G,ex,5,19,44,6,21,34,24,10,20,10,9.904496094,9.786297794,9.812931713,9.83648136,9.7664875,9.768303571,9.806341856,9.788744565,9.827954861,9.821108333,9.830513622,13.7615,13.70764706,13.85116667,14.06852632,14.06065,14.1042381,14.22922727,14.18813043,14.273125,14.37636,14.43796154,6.3243125,6.187764706,6.129166667,6.004052632,5.8475,5.79252381,5.771090909,5.789695652,5.86425,5.80988,5.7935,7.4371875,7.519882353,7.722,8.064473684,8.21315,8.311714286,8.458136364,8.398434783,8.408875,8.56648,8.644461538,13.45096809,15.04936364,8.189454545,6.859909091
ex67,ex,6,13,37,9,19,26,21,5,16,11,9.735858631,9.719991667,9.789996094,9.787055147,9.808302083,9.726422149,9.8067375,9.933499008,9.966449811,10.01495562,10.08411979,15.16221429,15.07726667,15.163375,15.24670588,15.2895,15.20584211,15.13055,15.0952381,15.11722727,15.08282609,15.100875,5.361285714,5.411466667,5.53775,5.468352941,5.4415,5.364631579,5.4335,5.734619048,5.743318182,5.860347826,6.001583333,9.800928571,9.6658,9.625625,9.778352941,9.848,9.841210526,9.69705,9.360619048,9.373909091,9.222478261,9.099291667,13.03668809,15.37466667,6.913916667,8.46075
ex74,ex,5,15,40,8,19,29,22,7,18,11,7.840275,7.841964844,7.872280637,7.843328704,7.90154057,7.885409375,7.88735119,7.811948864,7.871012681,7.971405382,7.99245,13.06426667,13.1178125,13.18347059,13.06433333,13.16210526,13.20005,13.21647619,13.14027273,13.06252174,13.017375,13.00592,3.979066667,3.859875,3.802705882,3.818111111,3.897894737,3.81915,3.780761905,3.697363636,3.744,3.987916667,3.9916,9.0852,9.2579375,9.380764706,9.246222222,9.264210526,9.3809,9.435714286,9.442909091,9.318521739,9.029458333,9.01432,11.14116608,14.04541667,5.266,8.779416667
ex75,ex,6,12,34,8,19,23,19,4,15,11,7.549949653,7.657596154,7.65197619,7.670256944,7.580147135,7.673692402,7.818511574,7.854248904,7.908765625,7.98719246,8.104691288,13.23666667,13.36630769,13.40592857,13.4152,13.298,13.18352941,13.11661111,13.09631579,13.0154,13.03466667,13.17168182,2.897916667,3.085307692,3.030857143,3.029666667,2.9619375,3.068294118,3.431055556,3.465210526,3.62765,3.79252381,3.911090909,10.33875,10.281,10.37507143,10.38553333,10.3360625,10.11523529,9.685555556,9.631105263,9.38775,9.242142857,9.260590909,10.79439155,12.97008333,4.774833333,8.19525
mp12,mp,5,15,37,9,19,24,23,1,14,13,9.993102083,10.02609848,10.11311285,10.10610256,10.1607247,10.19601528,10.25136849,10.17232966,10.27093519,10.4212193,10.47292396,15.708,15.64145455,15.64341667,15.52938462,15.548,15.61006667,15.6878125,15.59064706,15.52866667,15.50947368,15.5673,4.674,4.818363636,4.813166667,4.886,5.0605,5.019266667,5.0930625,5.062176471,5.191555556,5.561421053,5.56825,11.034,10.82309091,10.83025,10.64338462,10.4875,10.5908,10.59475,10.52847059,10.33711111,9.948052632,9.99905,13.79760345,15.35992857,6.821857143,8.538071429
mp3,mp,6,0,25,9,9,13,8,5,17,12,11.33644345,11.3970961,11.43963055,11.13406634,10.75647796,10.42501868,10.21614823,9.99376839,9.775116698,9.625694192,9.548243478,15.31514286,15.63306667,15.8134375,15.57070588,15.25038889,14.88778947,14.552,14.39466667,14.19459091,14.05013043,13.94645833,7.682785714,7.573,7.5044375,7.166588235,6.862777778,6.600894737,6.43125,6.104,5.915181818,5.78926087,5.744583333,7.632357143,8.060066667,8.309,8.404117647,8.387611111,8.286894737,8.12075,8.290666667,8.279409091,8.260869565,8.201875,12.78202592,14.52353846,5.629692308,8.893846154
mp34A,mp,5,17,39,7,23,28,23,5,16,11,10.37238368,10.31954487,10.22366667,10.22782917,10.27822917,10.26127696,10.30692361,10.31317105,10.34299792,10.27487599,10.35475095,14.492,14.68792308,14.64114286,14.64653333,14.7060625,14.65911765,14.69394444,14.77121053,14.919,14.87680952,14.85554545,6.7415,6.429461538,6.202357143,6.189533333,6.162625,6.153647059,6.250222222,6.201263158,6.198,6.120333333,6.178045455,7.7505,8.258461538,8.438785714,8.457,8.5434375,8.505470588,8.443722222,8.569947368,8.721,8.75647619,8.6775,13.65569237,15.47308333,7.53575,7.937333333
mp38,mp,6,5,29,8,11,16,12,4,17,13,10.80675,10.87632692,10.97601786,11.10554583,11.14580208,11.25474755,11.33092807,11.37628462,11.12391962,10.80817296,10.53187192,17.10883333,16.91723077,16.89628571,17.01593333,17.1401875,17.24247059,17.469,17.619,17.3592,17.07633333,16.69645455,5.906583333,6.147076923,6.398071429,6.527666667,6.613625,6.755941176,6.718388889,6.707947368,6.4596,6.231904762,6.0535,11.20225,10.77015385,10.49821429,10.48826667,10.5265625,10.48652941,10.75061111,10.91105263,10.8996,10.84442857,10.64295455,13.11043253,16.24671429,6.016642857,10.23007143
mp43,mp,5,7,31,11,16,20,17,3,14,11,10.11237649,10.32303333,10.38495964,10.46297672,10.56347801,10.68744956,10.74055938,10.8480506,10.92810342,10.98310345,10.78928348,16.86485714,16.74433333,16.6898125,16.56794118,16.57105556,16.68263158,16.7987,16.8977619,17.09877273,17.23878261,17.038125,4.8405,5.346,5.380125,5.595,5.820888889,5.953578947,6.05105,6.193047619,6.187909091,6.202347826,6.016458333,12.02435714,11.39833333,11.3096875,10.97294118,10.75016667,10.72905263,10.74765,10.70471429,10.91086364,11.03643478,11.02166667,13.26667263,16.19958333,7.410166667,8.789416667
mp47,mp,5,8,32,9,14,21,16,5,16,11,10.00519345,10.13542639,10.32511979,10.38221446,10.45296412,10.53963487,10.66099688,10.69888492,10.79427557,10.87284846,10.93236174,16.43842857,16.29886667,16.2159375,16.18694118,16.11594444,16.10515789,16.2269,16.32219048,16.45431818,16.67830435,16.847125,4.679214286,4.859733333,5.32725,5.367176471,5.573444444,5.797631579,5.92725,6.011666667,6.136909091,6.131217391,6.154791667,11.75921429,11.43913333,10.8886875,10.81976471,10.5425,10.30752632,10.29965,10.31052381,10.31740909,10.54708696,10.69233333,13.41320119,15.50325,7.490916667,8.012333333
mp65,mp,6,5,25,9,11,13,13,0,12,12,10.93934491,11.02154375,11.13428598,11.30103993,11.30989263,11.42344196,11.49323955,11.540953,11.23925553,10.86811717,10.54373297,16.01377778,15.8795,15.912,16.12691667,16.17392308,16.33942857,16.608,16.7413125,16.43888235,16.10733333,15.71826316,6.538888889,6.7251,7.014363636,7.129916667,7.184230769,7.3025,7.216733333,7.1926875,6.890764706,6.625888889,6.382263158,9.474888889,9.1544,8.897636364,8.997,8.989692308,9.036928571,9.391266667,9.548625,9.548117647,9.481444444,9.336,12.88249082,15.78338462,5.339692308,10.44369231
mp66,mp,5,12,31,7,16,18,18,0,13,13,10.03635417,10.17451042,10.19265046,10.25467917,10.11317614,10.26760417,10.49513782,10.5595744,10.63969167,10.74106771,10.88190686,16.326,16.369625,16.55666667,16.7,16.47,16.30958333,16.21723077,16.22307143,16.1196,16.1269375,16.266,4.338857143,4.744625,4.795222222,4.886,4.794727273,4.959333333,5.528,5.567357143,5.756266667,6.0156875,6.156,11.98714286,11.625,11.76144444,11.814,11.67527273,11.35025,10.68923077,10.65571429,10.36333333,10.11125,10.11,13.1902078,15.498,7.029071429,8.468928571
mp67,mp,6,15,35,6,19,23,20,3,15,12,9.993703704,9.98985,10.07203788,10.07488542,10.15835096,10.18659375,10.2437125,10.14453385,10.24459314,10.40644444,10.45454167,17.089,16.9784,16.95054545,16.82291667,16.83538462,17.09207143,17.28946667,17.1294375,16.98088235,16.88366667,16.86594737,4.364222222,4.4027,4.474181818,4.54425,4.767846154,4.771,4.811466667,4.721125,4.822588235,5.233611111,5.261052632,12.72477778,12.5757,12.47636364,12.27866667,12.06753846,12.32107143,12.478,12.4083125,12.15829412,11.65005556,11.60489474,13.74035714,16.79138462,6.305076923,10.48630769
mp8,mp,5,12,36,8,16,26,19,7,17,10,9.831772222,9.866178385,9.884920343,9.930582176,9.873960526,9.9732625,10.12146329,10.16326231,10.21513134,10.28209809,10.38354417,14.6546,14.6976875,14.74670588,14.82855556,14.79963158,14.76735,14.77690476,14.78559091,14.7553913,14.766875,14.9076,5.1802,5.2633125,5.226,5.276444444,5.248947368,5.36215,5.688380952,5.685818182,5.797956522,5.960833333,6.05804,9.4744,9.434375,9.520705882,9.552111111,9.550684211,9.4052,9.08852381,9.099772727,8.957434783,8.806041667,8.84956,13.34962311,15.54790909,6.543636364,9.004272727
mp84,mp,5,19,41,9,23,29,27,2,14,12,10.74359091,10.57777951,10.62835096,10.59635119,10.49523056,10.50113021,10.5599326,10.53185764,10.56315022,10.56674792,10.58932639,15.40727273,15.23225,15.46461538,15.704,15.62773333,15.61575,15.64941176,15.53316667,15.54452632,15.5892,15.6892381,7.021636364,6.8245,6.667307692,6.357785714,6.1272,6.145,6.120117647,6.125888889,6.210263158,6.16075,6.169714286,8.385636364,8.40775,8.797307692,9.346214286,9.500533333,9.47075,9.529294118,9.407277778,9.334263158,9.42845,9.51952381,14.20845849,15.93192308,7.771923077,8.16
mp91,mp,5,14,37,7,19,26,20,6,17,11,9.968504808,10.0384375,10.02899861,10.09582292,10.11154289,10.14416782,10.07600439,10.16746875,10.30735714,10.34982292,10.40852989,14.49461538,14.57628571,14.47566667,14.544375,14.605,14.68327778,14.63121053,14.6032,14.61366667,14.62604545,14.6046087,5.755384615,5.7575,5.8096,5.9455,5.899117647,5.924222222,5.867263158,5.95425,6.260095238,6.264227273,6.399043478,8.739230769,8.818785714,8.666066667,8.598875,8.705882353,8.759055556,8.763947368,8.64895,8.353571429,8.361818182,8.205565217,13.52088871,15.27691667,7.151,8.125916667
o23,o,6,15,40,9,18,28,23,5,17,12,10.0993244,10.09853333,10.10308724,10.06896201,10.11282176,10.08696601,10.0915,10.00538988,10.07231629,10.18122373,10.20857031,15.21328571,15.32573333,15.3615,15.22729412,15.26105556,15.30447368,15.3623,15.24466667,15.17759091,15.13813043,15.13325,6.0985,6.0122,5.9249375,5.936470588,6.0025,5.939421053,5.90145,5.825285714,5.878681818,6.14,6.149666667,9.114785714,9.313533333,9.4365625,9.290823529,9.258555556,9.365052632,9.46085,9.419380952,9.298909091,8.998130435,8.983583333,13.53359011,15.49315385,7.466923077,8.026230769
o64,o,5,10,40,10,14,30,19,11,21,10,10.16584623,10.16613163,10.09537953,10.15598264,10.26014,10.28061058,10.31668364,10.38625074,10.47134555,10.49408542,10.56858065,15.98566667,15.99518182,15.92486957,15.842125,15.78608,15.76807692,15.70962963,15.73592857,15.83382759,15.85213333,15.946,5.495428571,5.44,5.383913043,5.45025,5.7146,5.714807692,5.805703704,5.948357143,6.042241379,6.083833333,6.185516129,10.4902381,10.55518182,10.54095652,10.391875,10.07148,10.05326923,9.903925926,9.787571429,9.791586207,9.7683,9.760483871,13.47313163,15.69354545,7.111909091,8.581636364
o70,o,5,19,41,7,23,30,25,5,16,11,10.78041319,10.62687821,10.63172321,10.61749583,10.54900391,10.52759559,10.54194907,10.50728509,10.54416667,10.5238621,10.52616098,15.49983333,15.371,15.50214286,15.69086667,15.71125,15.77711765,15.84955556,15.73642105,15.7786,15.77804762,15.80881818,7.233,7.021461538,6.8805,6.708133333,6.5024375,6.361529412,6.288555556,6.289315789,6.3621,6.30552381,6.2655,8.266833333,8.349538462,8.621642857,8.982733333,9.2088125,9.415588235,9.561,9.447105263,9.4165,9.47252381,9.543318182,13.85293358,16.12616667,7.818083333,8.308083333
o76,o,6,16,38,7,21,30,22,8,16,8,10.40716389,10.33407422,10.32588848,10.33221644,10.28338816,10.32251875,10.29811706,10.28709848,10.21597826,10.28097396,10.3861775,15.74773333,15.8605,15.95264706,15.97538889,15.84736842,15.8512,15.8397619,15.80940909,15.71904348,15.64141667,15.5976,6.2714,6.0553125,5.953294118,5.883555556,5.910368421,5.9753,5.929428571,5.887727273,5.830565217,5.89325,6.1466,9.476333333,9.8051875,9.999352941,10.09183333,9.937,9.8759,9.910333333,9.921681818,9.888478261,9.748166667,9.451,13.31650896,15.67277778,6.79,8.882777778
o80,o,6,5,26,5,11,14,9,5,17,12,10.16057708,10.25976515,10.39625694,10.58015385,10.60889286,10.7645625,10.87960052,10.97355528,10.68436543,10.32431538,10.00251461,16.132,15.97490909,15.94316667,16.10407692,16.15257143,16.36146667,16.685,16.93735294,16.61222222,16.21247368,15.8151,5.4997,5.745363636,6.05975,6.243846154,6.307642857,6.488266667,6.4621875,6.483411765,6.209611111,5.921684211,5.6751,10.6323,10.22954545,9.883416667,9.860230769,9.844928571,9.8732,10.2228125,10.45394118,10.40261111,10.29078947,10.14,12.60078492,15.85330769,5.072076923,10.78123077
o86,o,5,18,40,7,21,30,24,6,16,10,10.62687821,10.63172321,10.61749583,10.54900391,10.52759559,10.54194907,10.50728509,10.54416667,10.5238621,10.52616098,10.44361322,15.371,15.50214286,15.69086667,15.71125,15.77711765,15.84955556,15.73642105,15.7786,15.77804762,15.80881818,15.74434783,7.021461538,6.8805,6.708133333,6.5024375,6.361529412,6.288555556,6.289315789,6.3621,6.30552381,6.2655,6.16073913,8.349538462,8.621642857,8.982733333,9.2088125,9.415588235,9.561,9.447105263,9.4165,9.47252381,9.543318182,9.583608696,13.74435071,16.27845455,7.716363636,8.562090909
p11,p,5,20,39,5,22,27,24,3,15,12,9.938783854,9.619231481,9.449360417,9.481975379,9.424842014,9.340100962,9.347348214,9.396548611,9.392854167,9.447727941,9.44846875,13.66175,13.614,13.4505,13.664,13.9045,13.90576923,13.94707143,14.0288,13.9476875,14.02347059,14.02816667,6.713875,6.128333333,5.9235,5.761636364,5.469833333,5.271230769,5.280214286,5.271266667,5.32225,5.448352941,5.403666667,6.947875,7.485666667,7.527,7.902363636,8.434666667,8.634538462,8.666857143,8.757533333,8.6254375,8.575117647,8.6245,12.78882797,14.69576923,7.070538462,7.625230769
p13,p,5,14,34,6,18,21,19,2,15,13,8.785619792,8.927111111,8.95288125,9.076929924,9.1260625,9.208447115,9.108407738,9.252255556,9.455029948,9.524818627,9.606449074,16.037625,16.02377778,15.7807,15.76990909,16.0115,16.081,15.88985714,15.73673333,15.6654375,15.63576471,15.56061111,2.7735,2.95,3.1918,3.492454545,3.554416667,3.631,3.575357143,3.749333333,4.2469375,4.338764706,4.521611111,13.264125,13.07377778,12.5889,12.27745455,12.45708333,12.45,12.3145,11.9874,11.4185,11.297,11.039,13.09267394,16.49328571,6.179714286,10.31357143
p14,p,5,14,35,9,18,24,22,2,13,11,9.343977273,9.403565972,9.386738782,9.453215774,9.467436111,9.51303776,9.412735294,9.515701389,9.672593202,9.721035417,9.781660714,16.04345455,16.03258333,15.84492308,15.83185714,16.021,16.076875,15.91970588,15.79044444,15.72757895,15.69925,15.63180952,4.086545455,4.1095,4.206307692,4.370071429,4.361133333,4.3729375,4.283470588,4.389111111,4.774473684,4.82615,4.959666667,11.95690909,11.92308333,11.63861538,11.46178571,11.65986667,11.7039375,11.63623529,11.40133333,10.95310526,10.8731,10.67214286,13.10880466,16.78825,6.000916667,10.78733333
p21,p,5,25,45,6,29,36,30,6,15,9,10.34739583,10.368625,10.37625744,10.39869028,10.41166536,10.31062255,10.13641319,10.01869189,10.01578854,9.982500992,9.913359848,14.109,14.10746154,14.1285,14.1008,14.288125,14.21741176,14.10227778,13.953,14.03505,14.14804762,14.11972727,6.932666667,7.019692308,6.995571429,7.1338,7.046625,6.906823529,6.632333333,6.512526316,6.42355,6.247238095,6.106954545,7.176333333,7.087769231,7.132928571,6.967,7.2415,7.310588235,7.469944444,7.440473684,7.6115,7.900809524,8.012772727,13.19081726,14.9728,9.0123,5.9605
p5,p,6,9,29,8,14,16,16,0,13,13,9.456179688,9.288724537,9.486710417,9.760140152,9.820409722,9.904794872,10.02103869,10.17533056,10.20961849,10.31948529,10.40270418,14.632875,14.40755556,14.3025,14.30190909,14.291,14.224,14.29178571,14.5258,14.593625,14.74188235,14.98838889,4.895,4.790444444,4.9765,5.596,5.589916667,5.777692308,6.023714286,6.149133333,6.247125,6.392588235,6.365166667,9.737875,9.617111111,9.326,8.705909091,8.701083333,8.446307692,8.268071429,8.376666667,8.3465,8.349294118,8.623222222,12.15193614,14.08571429,5.813285714,8.272428571
Sw1,sw,5,14,38,9,18,29,22,7,16,9,9.673597656,9.690573529,9.666922454,9.694652412,9.674459375,9.692805556,9.611097538,9.686539855,9.805719618,9.833295833,9.876065705,14.9939375,15.04876471,14.99311111,15.062,15.0081,15.06671429,14.96622727,14.91808696,14.907875,14.92856,14.91392308,4.94475,4.893529412,4.886388889,4.903105263,4.88365,4.830142857,4.761545455,4.829913043,5.119958333,5.10576,5.179538462,10.0491875,10.15523529,10.10672222,10.15889474,10.12445,10.23657143,10.20468182,10.08817391,9.787916667,9.8228,9.734384615,13.22100977,16.6396,5.3161,11.3235
Sw107,sw,6,7,27,9,11,14,15,-1,12,13,10.3850651,10.64795833,10.68544792,10.77092992,10.91104861,11.05788622,11.09101488,11.24213333,11.34846997,11.41917813,11.12456729,17.765375,17.466,17.3644,17.22427273,17.28508333,17.38953846,17.46564286,17.66106667,17.9571875,18.13382353,17.82077778,4.23475,5.090222222,5.1148,5.317818182,5.659833333,5.876769231,5.968428571,6.198666667,6.1840625,6.215588235,5.928944444,13.530625,12.37577778,12.2496,11.90645455,11.62525,11.51276923,11.49721429,11.4624,11.773125,11.91823529,11.89183333,13.40243394,17.60835714,4.732857143,12.8755
Sw108,sw,6,3,30,7,11,19,9,10,21,11,10.45170098,10.58326968,10.63266009,10.76891667,10.87152286,10.94785104,10.73793194,10.45507739,10.20219616,10.03930257,9.86285626,17.65123529,17.70633333,17.74573684,17.8783,18.09357143,18.22386364,17.97495652,17.64475,17.29324,16.9615,16.82644444,4.553882353,4.772,4.897684211,5.1239,5.163952381,5.234681818,5.053,4.870708333,4.70552,4.616,4.386111111,13.09735294,12.93433333,12.84805263,12.7544,12.92961905,12.98918182,12.92195652,12.77404167,12.58772,12.3455,12.44033333,13.52627419,17.56608333,6.142583333,11.4235
Sw126,sw,5,10,34,9,18,23,18,5,16,11,9.935397321,9.968111111,9.897558594,10.00364951,10.16226852,10.19982237,10.25834063,10.3493254,10.44029072,10.49446377,10.59149306,18.00228571,17.96386667,17.895,17.67564706,17.52594444,17.425,17.28085,17.30861905,17.37659091,17.52573913,17.62595833,4.464142857,4.466,4.4283125,4.572647059,4.990555556,5.017263158,5.16075,5.371380952,5.474318182,5.551913043,5.69375,13.53814286,13.49786667,13.4666875,13.103,12.53538889,12.40773684,12.1201,11.9372381,11.90227273,11.97382609,11.93220833,13.72604366,18.23258333,6.404333333,11.82825
Sw134,sw,6,19,42,6,21,29,24,5,18,13,10.29245265,10.13714236,10.11520032,10.06671131,9.983627778,9.977257813,10.00207966,9.959399306,10.0191261,10.00026979,9.997685516,15.91681818,15.79633333,15.88223077,16.0945,16.20333333,16.251625,16.27952941,16.11994444,16.15510526,16.13355,16.11104762,6.454545455,6.208416667,6.009769231,5.745357143,5.512066667,5.4373125,5.400882353,5.399888889,5.494736842,5.4515,5.403428571,9.462272727,9.587916667,9.872461538,10.34914286,10.69126667,10.8143125,10.87864706,10.72005556,10.66036842,10.68205,10.70761905,13.67765154,17.17221429,7.102857143,10.06935714
Sw28,sw,6,8,35,9,14,24,16,8,19,11,9.407748775,9.502725694,9.651265351,9.691253125,9.749964286,9.820310606,9.920712862,9.954953993,10.05291833,10.12958668,10.18501777,15.37717647,15.25827778,15.20463158,15.1595,15.09180952,15.08154545,15.18917391,15.227875,15.3536,15.52019231,15.64662963,4.922058824,5.018388889,5.365210526,5.3702,5.515047619,5.672363636,5.764217391,5.858875,5.98108,5.982923077,5.977666667,10.45511765,10.23988889,9.839421053,9.7893,9.576761905,9.409181818,9.424956522,9.369,9.37252,9.537269231,9.668962963,12.59960423,14.64025,6.347666667,8.292583333
Sw34,sw,NA,8,35,9,14,18,16,2,19,17,9.515232955,9.659592014,9.873136218,9.923528274,10.00770833,10.11049219,10.24965441,10.30470255,10.43708443,10.53429332,10.60605964,16.51,16.25766667,16.12123077,16.049,15.94053333,15.9434375,16.08958824,16.21255556,16.37526316,16.61865,16.7822381,4.381818182,4.570916667,5.121461538,5.154571429,5.350466667,5.5806875,5.713764706,5.8425,6.036842105,6.02365,6.026666667,12.12818182,11.68675,10.99976923,10.89442857,10.59006667,10.36275,10.37582353,10.37005556,10.33842105,10.595,10.75557143,13.05403499,15.44694444,5.999333333,9.447611111
Sw58,sw,NA,32,53,6,36,44,37,7,16,9,10.73996795,10.7467128,10.83395694,10.84480859,10.85556373,10.82516667,10.80414693,10.71194792,10.70773016,10.6971733,10.69785054,14.50330769,14.38857143,14.59006667,14.6449375,14.60852941,14.51694444,14.54721053,14.3141,14.30338095,14.30786364,14.282,7.647692308,7.749214286,7.682266667,7.6550625,7.716058824,7.724944444,7.689894737,7.7086,7.72552381,7.678090909,7.738565217,6.855615385,6.639357143,6.9078,6.989875,6.892470588,6.792,6.857315789,6.6055,6.577857143,6.629772727,6.543434783,12.52077362,18.0484,10.337,7.7114
Sw61A,sw,5,16,43,10,22,30,25,5,18,13,10.21444583,10.12391667,10.10230147,10.12676042,10.09424671,10.12504375,10.11152877,10.11870644,10.04180978,10.1003559,10.20013167,15.52513333,15.523625,15.52964706,15.56283333,15.48047368,15.54095,15.59566667,15.6255,15.54113043,15.46379167,15.4252,6.0616,5.864,5.804058824,5.778666667,5.779052632,5.8578,5.791619048,5.76,5.673826087,5.722916667,5.96872,9.463533333,9.659625,9.725588235,9.784166667,9.701421053,9.68315,9.804047619,9.8655,9.867304348,9.740875,9.45648,13.69646053,16.19357143,7.353785714,8.839785714
Sw73,sw,NA,21,50,9,26,34,29,5,21,16,10.35457589,10.23764444,10.03686849,9.917667892,9.948097222,9.973027412,9.920673958,9.904550595,9.951629735,9.927245471,9.960952257,14.62964286,14.52546667,14.4304375,14.27647059,14.50872222,14.70331579,14.71555,14.70571429,14.86481818,14.79213043,14.80908333,6.834857143,6.664333333,6.314625,6.176235294,6.067222222,5.913421053,5.75925,5.718571429,5.707318182,5.721608696,5.794916667,7.794785714,7.861133333,8.1158125,8.100235294,8.4415,8.789894737,8.9563,8.987142857,9.1575,9.070521739,9.014166667,12.42982362,17.49005882,8.954882353,8.535176471
Sw76,sw,5,16,42,9,22,32,24,8,18,10,9.974659314,9.871853009,9.840112939,9.851059375,9.819333333,9.841973485,9.834345109,9.849458333,9.767795833,9.825423878,9.924358025,15.97058824,15.97783333,15.97773684,15.9745,15.86109524,15.85204545,15.97452174,16.01370833,15.90936,15.82026923,15.77492593,5.488882353,5.2795,5.227894737,5.1846,5.193333333,5.252681818,5.208478261,5.181041667,5.08788,5.130076923,5.373814815,10.48170588,10.69833333,10.74984211,10.7899,10.6677619,10.59936364,10.76604348,10.83266667,10.82148,10.69019231,10.40111111,13.68213417,17.26718182,6.726545455,10.54063636
Sw81,sw,6,15,38,8,18,19,22,-3,16,19,8.411291667,8.554208333,8.769184524,8.821138021,8.987391204,9.055304167,9.159100379,9.0465,9.217240385,9.451483631,9.530813889,16.025,16.01683333,16.002,15.700875,15.69655556,15.9938,16.07754545,15.85483333,15.68084615,15.60335714,15.57386667,2.0218,2.401333333,2.681428571,3.01725,3.404111111,3.4873,3.583909091,3.522916667,3.727692308,4.297928571,4.3986,14.0032,13.6155,13.32057143,12.683625,12.29244444,12.5065,12.49363636,12.33191667,11.95315385,11.30542857,11.17526667,13.2528127,16.54755,6.08025,10.4673
Sw85,sw,6,10,34,9,14,21,18,3,16,13,9.590184028,9.68493109,9.57688244,9.688095833,9.867084635,9.914935049,9.987603009,10.07241228,10.19725208,10.24284921,10.35228788,16.92533333,17.19007692,17.01471429,16.79173333,16.6514375,16.57917647,16.46277778,16.41794737,16.484,16.54080952,16.63227273,4.037916667,4.094230769,4.012571429,4.150866667,4.628375,4.669941176,4.835777778,5.060052632,5.1929,5.298190476,5.482227273,12.88741667,13.09584615,13.00214286,12.64086667,12.0230625,11.90923529,11.627,11.35789474,11.2911,11.24261905,11.15004545,12.96816338,16.06214286,6.4005,9.661642857
Sw9,sw,NA,7,26,6,11,14,12,2,14,12,10.0928724,10.37134259,10.40643958,10.47070265,10.57375174,10.71661859,10.75425893,10.92542639,11.03978198,11.11069656,10.81860209,15.255875,15.14977778,15.0586,14.92709091,14.95316667,15.16307692,15.22228571,15.41546667,15.7253125,15.91770588,15.67472222,5.501125,6.214333333,6.2458,6.465363636,6.705833333,6.783846154,6.8955,7.126066667,7.0730625,7.026294118,6.737166667,9.75475,8.935444444,8.8128,8.461727273,8.247333333,8.379230769,8.326785714,8.2894,8.65225,8.891411765,8.937555556,12.36236752,14.85946154,5.452076923,9.407384615
w10,w,5,14,35,9,18,28,22,6,13,7,9.969798611,9.999072917,9.986664216,10.03111227,10.03554386,10.05376875,9.979611111,10.0579839,10.18467029,10.22189149,10.27338167,15.60353333,15.6526875,15.54858824,15.57788889,15.69973684,15.74365,15.68785714,15.62004545,15.599,15.61366667,15.572,5.470133333,5.4230625,5.477647059,5.588944444,5.536421053,5.5143,5.434428571,5.496045455,5.784304348,5.784333333,5.89996,10.1334,10.229625,10.07094118,9.988944444,10.16331579,10.22935,10.25342857,10.124,9.814695652,9.829333333,9.67204,13.25365087,17.2655,5.737375,11.528125
w103,w,5,15,36,7,18,28,21,7,15,8,9.842638393,9.828154167,9.85059375,9.83477451,9.888913194,9.881378289,9.889476042,9.809353175,9.891151515,10.01455344,10.05750955,14.80078571,14.85,14.9283125,14.84635294,14.90922222,14.94894737,15.0035,14.96042857,14.92409091,14.92086957,14.93879167,5.705571429,5.638066667,5.6065,5.589705882,5.668888889,5.637368421,5.6184,5.53847619,5.585636364,5.860434783,5.874541667,9.095214286,9.211933333,9.3218125,9.256647059,9.240333333,9.311578947,9.3851,9.421952381,9.338454545,9.060434783,9.06425,12.78361027,15.48322222,5.884666667,9.598555556
w14,w,6,13,35,8,18,24,20,4,15,11,9.679050347,9.681258013,9.757683036,9.7726,9.816259115,9.751360294,9.860704861,10.0224682,10.07149792,10.13536607,10.21414678,15.21191667,15.05207692,15.1075,15.13046667,15.1740625,15.09094118,15.03094444,15.01684211,15.0355,14.99566667,15.01640909,4.922,4.945769231,5.114071429,5.08,5.113,5.083,5.209777778,5.570789474,5.5758,5.717761905,5.892454545,10.28991667,10.10630769,9.993428571,10.05046667,10.0610625,10.00794118,9.821166667,9.446052632,9.4597,9.277904762,9.123954545,12.84351531,14.35541667,6.313333333,8.042083333
w19,w,6,9,38,10,14,30,18,12,20,8,10.00236742,9.941188406,10.02022396,10.1421325,10.18333574,10.22876312,10.28694048,10.36155963,10.37782778,10.44289583,10.484691,14.89581818,14.83865217,14.81233333,14.8182,14.85011538,14.83325926,14.84221429,14.9412069,14.96683333,15.05745161,15.199125,5.536545455,5.491043478,5.569583333,5.8374,5.829038462,5.911888889,6.047035714,6.125310345,6.148166667,6.210032258,6.18765625,9.359272727,9.347608696,9.24275,8.9808,9.021076923,8.92137037,8.795178571,8.815896552,8.818666667,8.847419355,9.01146875,12.91687785,15.16688889,6.301666667,8.865222222
w21,w,5,23,44,8,29,30,30,0,14,14,10.76936979,10.81240972,10.80017292,10.64213636,10.33824826,10.16368429,10.16076637,10.09866806,9.978451823,9.964838235,9.989655093,14.723375,14.63822222,15.0271,14.94690909,14.78083333,14.58253846,14.70335714,14.89153333,14.833125,14.81470588,14.88533333,7.47,7.689444444,7.3821,7.142,6.65425,6.458846154,6.264428571,5.941133333,5.689625,5.663352941,5.598166667,7.253375,6.948777778,7.645,7.804909091,8.126583333,8.123692308,8.438928571,8.9504,9.1435,9.151352941,9.287166667,11.04485556,15.22133333,7.283066667,7.938266667
w26,w,5,27,47,8,32,36,34,2,13,11,11.00549792,10.99585985,10.86224306,10.86783013,10.87586012,10.89591528,10.91407292,10.81753799,10.64223032,10.55082456,10.56356354,16.0258,16.09072727,15.60175,15.55923077,15.54514286,15.43273333,15.6865625,15.63064706,15.50438889,15.42110526,15.54025,6.5845,6.647272727,6.772833333,6.903153846,6.898357143,7.074066667,6.949375,6.868882353,6.602,6.511894737,6.41515,9.4413,9.443454545,8.828916667,8.656076923,8.646785714,8.358666667,8.7371875,8.761764706,8.902388889,8.909210526,9.1251,13.22849874,17.35,9.151916667,8.198083333
w31,w,6,14,35,8,18,23,21,2,14,12,9.907410417,10.00676894,9.993993056,10.08037019,10.09145089,10.13951806,10.07027865,10.18188358,10.34983796,10.3999682,10.46144167,16.6256,16.69390909,16.45341667,16.60146154,16.59428571,16.61306667,16.535625,16.40835294,16.3335,16.31263158,16.2281,4.5046,4.535454545,4.566416667,4.737307692,4.740428571,4.810066667,4.8004375,4.957941176,5.373055556,5.394736842,5.54905,12.121,12.15845455,11.887,11.86415385,11.85385714,11.803,11.7351875,11.45041176,10.96044444,10.91789474,10.67905,13.13589869,15.77746154,6.435846154,9.341615385
w32,w,NA,7,35,9,14,16,15,1,20,19,9.9292625,10.21776136,10.30813021,10.3956234,10.49937798,10.62274028,10.64292318,10.75318382,10.81955568,10.86087692,10.61103236,15.332,15.29272727,15.34358333,15.27569231,15.28021429,15.48873333,15.5380625,15.729,16.01344444,16.28442105,16.0898,4.5502,5.257363636,5.292166667,5.495615385,5.791071429,5.929933333,5.961125,6.073647059,6.027111111,6.011894737,5.7719,10.7818,10.03536364,10.05141667,9.780076923,9.489142857,9.5588,9.5769375,9.655352941,9.986333333,10.27252632,10.3179,12.97310131,15.30335,5.3352,9.96815
w33,w,5,19,40,8,21,29,26,3,14,11,10.2706875,10.1171684,10.11698237,10.07339583,9.979833333,9.968359375,9.996365196,9.967697917,10.00079715,9.998145833,10.02094841,14.93345455,14.80525,14.94269231,15.1365,15.1834,15.15,15.17582353,15.0595,15.08410526,15.17515,15.23961905,6.445636364,6.240083333,6.046769231,5.710428571,5.448266667,5.435,5.364117647,5.318555556,5.367105263,5.33225,5.342619048,8.487818182,8.565166667,8.895923077,9.426071429,9.735133333,9.715,9.811705882,9.740944444,9.717,9.8429,9.897,13.16999912,15.96983333,6.925083333,9.04475
w38,w,6,4,30,10,11,21,13,8,17,9,10.04400926,10.15110088,10.26793438,10.30002183,10.39359848,10.45427677,10.4825687,10.30027629,10.07094864,9.861212519,9.735841282,15.46283333,15.48242105,15.62845,15.64428571,15.75545455,15.925,16.03866667,15.8776,15.62761538,15.35896296,15.12742857,5.283388889,5.518736842,5.65835,5.733857143,5.845318182,5.829695652,5.831083333,5.65896,5.5025,5.352962963,5.2635,10.17944444,9.963684211,9.9701,9.910428571,9.910136364,10.09530435,10.20758333,10.21864,10.12511538,10.006,9.863928571,12.56978846,15.4901,7.3385,8.1516
w51A,w,6,7,30,10,14,16,16,0,14,14,10.08003542,10.36793182,10.45265799,10.5395641,10.65228571,10.78550556,10.81032292,10.91260417,10.97796056,11.01684176,10.77357307,15.9494,15.86863636,15.85866667,15.75876923,15.74021429,15.9286,15.9721875,16.13211765,16.39944444,16.56947368,16.3719,4.8689,5.556272727,5.58575,5.784384615,6.075571429,6.2276,6.2705,6.36,6.314111111,6.296157895,6.0698,11.0805,10.31236364,10.27291667,9.974384615,9.664642857,9.701,9.7016875,9.772117647,10.08533333,10.27331579,10.3021,12.68804715,15.703,6.144066667,9.558933333
w62,w,NA,11,33,10,15,23,20,3,13,10,9.731357372,9.745345238,9.791451389,9.715830729,9.837185049,10.01319329,10.07819627,10.15087708,10.23375595,10.33339299,10.35972554,16.16284615,16.20628571,16.27313333,16.1593125,16.06623529,16.00788889,16.01836842,15.9714,15.9497619,16.06395455,16.08921739,4.457692308,4.480857143,4.521933333,4.502875,4.645058824,5.060944444,5.086,5.2248,5.434095238,5.544454545,5.598782609,11.70515385,11.72542857,11.7512,11.6564375,11.42117647,10.94694444,10.93236842,10.7466,10.51566667,10.5195,10.49043478,13.05704155,14.93518182,6.587545455,8.347636364
w85,w,5,7,31,9,14,23,15,8,16,8,10.00546078,10.17557639,10.24067325,10.30699583,10.38932937,10.49713163,10.52547101,10.621125,10.68541235,10.73625281,10.5609374,15.70458824,15.66061111,15.66078947,15.61085,15.59552381,15.73240909,15.79752174,15.925,16.11488,16.2685,16.13707407,4.969764706,5.3725,5.402789474,5.54925,5.753428571,5.882045455,5.93673913,6.0235,5.99792,6.008076923,5.843111111,10.73482353,10.28811111,10.258,10.0616,9.842095238,9.850363636,9.860782609,9.9015,10.11696,10.26042308,10.29396296,12.83564322,15.55944444,7.760666667,7.798777778
w9,w,5,10,35,11,15,26,20,6,15,9,9.902501225,9.935925926,9.871141447,9.9676625,10.1108998,10.15311174,10.21171014,10.2824184,10.3626275,10.39295112,10.46866281,16.13870588,16.19544444,16.13405263,16.0412,15.98704762,15.98340909,15.93647826,15.932625,16.03936,16.09692308,16.19662963,5.18,5.197111111,5.156157895,5.26385,5.59447619,5.595318182,5.724478261,5.876916667,5.95184,6.013730769,6.101296296,10.95870588,10.99833333,10.97789474,10.77735,10.39257143,10.38809091,10.212,10.05570833,10.08752,10.08319231,10.09533333,13.24713557,17.034,5.9207,11.1133