"Order","Family","Species.name.","Brain.mass","Body.mass","Body.mass","Residual.brain.size","Residual.brain.size","Maximum.lifespan","Age.at.first.reprodction","Residual.lifespan","Residual.reproductive.lifespan","Incubation.length","Clutch.size","Mode.of.development","Mean.latitude","Sampling.effort","Dats.source","logBodyMass","logBrainMass"
"Accipitriformes","Accipitridae","Accipiter gentilis ",7.556,926,1044,0.09263,0.142009587156804,22,1,-0.04803,-0.02188,33,3,3,49.44,1,0,6.83087423464618,2.02234194963926
"Accipitriformes","Accipitridae","Accipiter nisus ",2.89,220,237.5,0.02671,0.104293340088426,20.2,1,0.05234,0.07715,34,5,3,49,1,0,5.39362754635236,1.06125650212434
"Accipitriformes","Accipitridae","Aegypius monachus ",27.3,9625,9625,0.07796,0.0834459183911578,39,6,-0.02327,-0.0503,52,1,3,35.23,1,1,9.17211915915598,3.30688670219091
"Accipitriformes","Accipitridae","Aquila chrysaetos ",17.6,4383,4800,0.07968,0.100383133990652,48,4,0.14213,0.15014,40,2,3,45.33,1,1,8.38548870041881,2.86789890204411
"Accipitriformes","Accipitridae","Aquila fasciatus ",10.88,2000,2000,0.06266,0.0983203495901444,20,3,-0.16306,-0.18756,38,2,3,4.17,0,1,7.60090245954208,2.3869262414278
"Accipitriformes","Accipitridae","Aquila heliaca ",15.5,3262,3262,0.09673,0.122667300595738,56,5,0.23732,0.24261,43,2.5,3,46.46,1,1,8.09009578318096,2.7408400239252
"Accipitriformes","Accipitridae","Aquila pomarina ",11.3,1475.4,1370,0.15351,0.194425078209303,26.1,4,-0.01835,-0.04441,40,2,3,39.87,1,0,7.2966844184502,2.42480272571829
"Accipitriformes","Accipitridae","Buteo buteo ",7.879,878.3,1012,0.12376,0.173967229264688,28.8,2,0.074,0.08912,34,3,3,41.05,1,0,6.77798822092307,2.06420099226355
"Accipitriformes","Accipitridae","Buteo lagopus ",8.85,925.8,980.64,0.16134,0.211009587156804,18.8,2,-0.11627,-0.11877,29,5,3,63,0,0,6.83065822859717,2.18041745901984
"Accipitriformes","Accipitridae","Circus aeruginosus ",5.619,584.5,711.5,0.07652,0.135380388094923,20.1,2,-0.04325,-0.04226,35,5.5,3,10.42,1,0,6.37075678091212,1.72615371213006
"Accipitriformes","Accipitridae","Circus cyaneus ",4.6,436.5,392,0.06102,0.125450846690629,17.1,1,-0.08553,-0.06509,31,4.5,3,54.05,1,0,6.07878837527966,1.52605630349505
"Accipitriformes","Accipitridae","Gypaetus barbatus ",24.1,5543.8,5070,0.15873,0.17448402551221,40,8,0.04048,-0.01071,58,1.5,3,9.25,1,1,8.62043546518295,3.18221184049661
"Accipitriformes","Accipitridae","Gyps fulvus ",26,8328.5,7436,0.09215,0.100070866681975,41.4,4,0.0165,0.01795,51,1,3,29.85,2,1,9.02743864691716,3.25809653802148
"Accipitriformes","Accipitridae","Haliaeetus albicilla ",19,4876,6697,0.08685,0.105467849774884,42,4,0.07558,0.07789,41,2,3,50.44,1,1,8.49208049060116,2.94443897916644
"Accipitriformes","Accipitridae","Milvus milvus ",7.3,1121.9,1080,0.03073,0.0766407047674844,38,3,0.17098,0.18155,32,2,3,38.29,1,1,7.02277895555092,1.98787434815435
"Accipitriformes","Accipitridae","Neophron percnopterus ",11,1977,2082,0.07025,0.105354619613598,37,6,0.10522,0.07447,42,2,3,22.17,1,1,7.58933582317062,2.39789527279837
"Accipitriformes","Accipitridae","Parabuteo unicinctus",8.267,863.2,994.26,0.14888,0.199822061302212,25,1,0.01421,0.04285,34,3,3,4.65,2,1,6.76064641394392,2.11227168627054
"Accipitriformes","Accipitridae","Pernis apivorus ",7.641,762.5,758,0.145,0.198592177555504,29,3,0.09053,0.08952,33,2,3,50.75,1,0,6.63660250848157,2.03352848466543
"Accipitriformes","Pandionidae","Pandion haliaetus ",9.6,1527.5,1362,0.07421,0.114322268138944,32,3,0.06684,0.07026,38,3,3,13.42,1,0,7.33138769104575,2.26176309847379
"Anseriformes","Anatidae","Anas acuta ",4.727,945.5,721,-0.11617,-0.0664520988854116,27.4,1,0.04531,0.07551,22,7.5,1,56.23,2,0,6.85171388809851,1.5532907518111
"Anseriformes","Anatidae","Anas clypeata ",3.3,613,613,-0.16627,-0.107756691998889,22.6,1,0.00311,0.02995,23,11,1,52.57,1,0,6.41836493593621,1.19392246847243
"Anseriformes","Anatidae","Anas crecca ",2.638,315,343.8,-0.10069,-0.0303758846433067,27.1,1,0.14563,0.17604,22,10,1,53.07,1,0,5.75257263882563,0.970021054295123
"Anseriformes","Anatidae","Anas penelope ",3.998,771.5,660,-0.13918,-0.0854420924679485,35.2,1,0.17355,0.20745,24,8,1,60.32,1,0,6.64833667180322,1.38579423607821
"Anseriformes","Anatidae","Anas querquedula ",2.8,326,326,-0.0832,-0.0134786947136654,14.7,1,-0.1233,-0.10718,22,8.5,1,51.32,1,0,5.78689738136671,1.02961941718116
"Anseriformes","Anatidae","Anser albifrons ",9.105,2680.5,2681,-0.0863,-0.056750109005561,47,3,0.18001,0.19734,27,5,1,66.39,1,1,7.89375862326759,2.20882371317957
"Anseriformes","Anatidae","Anser anser ",11.082,3464.5,3309,-0.06371,-0.0387177575309081,31,3,-0.02526,-0.02358,27,5,1,50.78,2,1,8.15032360106744,2.40532217044516
"Anseriformes","Anatidae","Anser fabalis ",11.485,3020.5,3348,-0.01466,0.0126934827505278,25.6,3,-0.09527,-0.10347,28,4,1,62.15,1,0,8.0131776595788,2.44104183614106
"Anseriformes","Anatidae","Aythya ferina ",5.861,828,823,0.00967,0.061745433386643,23.2,1,-0.01427,0.01299,26,9,1,51.17,1,0,6.71901315438526,1.76832023749429
"Anseriformes","Anatidae","Aythya fuligula ",4.475,701.5,701.5,-0.06697,-0.0115610782756341,45.2,1,0.29124,0.32797,25,9.5,1,54.58,1,0,6.55322089954252,1.49850635172682
"Anseriformes","Anatidae","Aythya marila ",5.425,1013.5,928.5,-0.07334,-0.0256577190261293,22.1,1,-0.05469,-0.02848,26,9,1,59.53,2,0,6.92116496589205,1.69101789942652
"Anseriformes","Anatidae","Branta bernicla ",6.05,1300,1163,-0.08687,-0.0431979515327137,28.8,2,0.0365,0.05148,24,4,1,71.67,2,0,7.17011954344963,1.80005827204275
"Anseriformes","Anatidae","Branta leucopsis ",6.751,1687,1687,-0.10298,-0.0647724540627512,28.2,2,0.00244,0.01663,24,4.5,1,74.75,1,0,7.43070708254597,1.90969064205973
"Anseriformes","Anatidae","Bucephala clangula ",6.146,900,895.86,0.0099,0.0608986892177815,18.4,2,-0.12291,-0.12652,30,10,1,57.16,1,0,6.80239476332431,1.81580146370829
"Anseriformes","Anatidae","Bucephala islandica ",5.77,910,957.15,-0.02022,0.0298644191943286,18,2,-0.13351,-0.13831,29,1,1,52.79,1,0,6.8134445995109,1.75267208052001
"Anseriformes","Anatidae","Clangula hyemalis ",4.905,725,872,-0.03518,0.0199429656586977,22.7,2,-0.00036,0.00606,24,7,1,66.97,0,0,6.58617165485467,1.59025509301733
"Anseriformes","Anatidae","Cygnus columbianus ",17.35,6750,6350,-0.03213,-0.0200985648864904,24.1,2,-0.19839,-0.19036,31,4,1,63.92,1,0,8.81729778386658,2.85359250639287
"Anseriformes","Anatidae","Cygnus cygnus ",19.5,9450,9350,-0.06368,-0.0576992495713171,26.5,4,-0.18934,-0.21487,35,5,1,57.79,1,0,9.15377002048779,2.9704144655697
"Anseriformes","Anatidae","Histrionicus histrionicus",5.035,611.3,561.25,0.01789,0.0758501620058016,14.6,1,-0.18638,-0.1707,28,6,1,57.95,1,0,6.41558783703468,1.61641352617053
"Anseriformes","Anatidae","Melanitta fusca ",7.25,1762,1361,-0.08265,-0.0453026801518727,21.4,2,-0.12156,-0.11804,28,11,1,54.56,1,0,7.47420480649612,1.98100146886658
"Anseriformes","Anatidae","Melanitta nigra ",5.689,950,1052,-0.03688,0.0123341931052071,16.8,2,-0.16759,-0.17629,29,9,1,60.6,1,0,6.85646198459459,1.73853448576851
"Anseriformes","Anatidae","Mergellus albellus ",4.4,650,610,-0.05566,0.000465103879155437,10,2,-0.35661,-0.40704,27,8,1,58.36,1,0,6.47697236288968,1.48160454092422
"Anseriformes","Anatidae","Mergus merganser ",7.007,1470.5,1445,-0.05323,-0.0113612137813154,14.8,2,-0.26442,-0.28128,30,10,1,50.89,1,0,7.29335775799405,1.9469096493884
"Anseriformes","Anatidae","Mergus serrator ",4.917,1021.5,1021,-0.11796,-0.0694782810402013,21.3,2,-0.07146,-0.06796,32,10,1,57.06,0,0,6.92902741425768,1.5926985884298
"Anseriformes","Anatidae","Netta rufina ",4.9,1115,1118,-0.14088,-0.094538733218444,8.8,1,-0.46373,-0.46983,27,9,1,42.77,1,0,7.01660968389422,1.58923520511658
"Anseriformes","Anatidae","Somateria mollissima ",7.165,2066.5,2130,-0.12675,-0.0921756064755239,37.8,2,0.11028,0.13274,28,4,1,61.85,1,0,7.63361163395179,1.96920806128014
"Anseriformes","Anatidae","Somateria spectabilis ",6.5,1617.5,1617,-0.10914,-0.0698490819783206,18.9,2,-0.16733,-0.16975,23,5,1,74.45,0,0,7.38863702637506,1.87180217690159
"Anseriformes","Anatidae","Tadorna tadorna ",5.546,1152,1152,-0.09508,-0.0490346892841123,24.8,2,-0.01688,-0.00712,30,9,1,48.35,1,0,7.04925484125584,1.71307694719359
"Bucerotiformes","Upupidae","Upupa epops ",1.05,66.2,67.1,-0.11931,-0.0195357234677728,11.1,1,-0.09284,-0.08656,15,7.5,4,12.63,1,0,4.19268046294296,0.048790164169432
"Caprimulgiformes","Apodidae","Apus apus ",0.61,39.7,37.6,-0.22981,-0.12020728042177,21.1,2,0.23513,0.23935,24,2.5,4,48.95,1,0,3.68135118769314,-0.49429632181478
"Caprimulgiformes","Caprimulgidae","Caprimulgus europaeus ",0.732,78.3,67,-0.31688,-0.219229211805496,11.9,1,-0.07861,-0.06951,17,2,2,45.21,1,0,4.36054760299676,-0.311974765020825
"Charadriiformes","Alcidae","Aethia cristatella",1.533,266.5,289,-0.29545,-0.221682396305584,10.8,3,-0.1282,-0.22233,34,1,2,56.24,1,0,5.5853742436059,0.427226599889677
"Charadriiformes","Alcidae","Aethia pusilla",1.533,84.6,96,-0.01485,0.0811377520350239,8.1,3,-0.25313,-0.40685,30,1,2,58.74,1,0,4.43793426661218,0.427226599889677
"Charadriiformes","Alcidae","Alca torda ",4.853,717,726,-0.03709,0.0173703816774601,42,4,0.25726,0.26024,36,1,2,59.19,0,0,6.57507584059962,1.57959707042308
"Charadriiformes","Alcidae","Cepphus grylle ",3.139,381,427.5,-0.07169,-0.00474476703262605,29.9,3,0.17015,0.17089,25,2,2,62.31,0,0,5.9427993751267,1.14390427785982
"Charadriiformes","Alcidae","Cerorhinca monocerata",4.797,487.5,544.1,0.05218,0.11432185446548,28.2,3,0.12115,0.11888,45,1,2,46.86,0,0,6.1892902904379,1.56799072251993
"Charadriiformes","Alcidae","Fratercula arctica ",3.55,400,490.5,-0.03016,0.0355112988688715,40.8,4,0.3064,0.30825,42,1,2,61.93,0,0,5.99146454710798,1.26694760348732
"Charadriiformes","Alcidae","Uria aalge ",4.606,983,992,-0.13694,-0.0887686169651516,42.8,5,0.23528,0.22766,31,1,2,59.12,2,0,6.89060912014717,1.52735980139849
"Charadriiformes","Alcidae","Uria lomvia ",5.103,944.5,964,-0.08267,-0.032845244880721,29,5,0.07006,0.03421,33,1,2,63.92,1,0,6.85065568694156,1.62982860208183
"Charadriiformes","Burhinidae","Burhinus oedicnemus ",3.5,462,459,-0.07156,-0.00872050342663622,17.9,2,-0.07111,-0.07597,25,2,2,30.49,1,0,6.13556489108174,1.25276296849537
"Charadriiformes","Charadriidae","Charadrius alexandrinus ",1.1,47.7,37,-0.0187,0.0872443992029824,19,1,0.17203,0.19595,24,3,1,32.23,1,0,3.8649313978943,0.0953101798043249
"Charadriiformes","Charadriidae","Charadrius dubius ",0.778,38.8,38.7,-0.11855,-0.00813874037486408,13,2,0.02699,0.00191,24,4,1,28.98,1,0,3.65842024662923,-0.251028754803745
"Charadriiformes","Charadriidae","Charadrius hiaticula ",1.2,64.1,64,-0.05343,0.0469602325978955,20.8,1,0.18298,0.20887,24,3.5,1,65.57,1,0,4.16044436392662,0.182321556793955
"Charadriiformes","Charadriidae","Pluvialis apricaria ",2.195,175.5,214,-0.03749,0.0437650325481048,12.8,2,-0.12419,-0.15104,29,4,1,60.97,1,0,5.16763904290592,0.786182046527135
"Charadriiformes","Charadriidae","Pluvialis squatarola ",2.39,240.4,224,-0.07747,-0.00237396609450669,25.6,2,0.14675,0.15825,27,4,1,68.01,1,0,5.48230420266105,0.871293365943419
"Charadriiformes","Charadriidae","Vanellus vanellus ",2.058,218.5,218.5,-0.11907,-0.0418860978975017,24.5,2,0.13681,0.14669,24,4,1,52.98,1,0,5.38678601453564,0.721734637411858
"Charadriiformes","Haematopodidae","Haematopus ostralegus ",3.783,518,480,-0.06577,-0.00445634965647546,43.3,3,0.30159,0.31696,25,3,1,53.89,1,0,6.24997524225948,1.33051734565089
"Charadriiformes","Laridae","Larus canus ",3.946,386.5,430.6,0.02417,0.0906141089392302,33.7,3,0.22073,0.2269,23,3,2,59.26,1,0,5.95713186802748,1.37270240760042
"Charadriiformes","Laridae","Larus fuscus ",5.7,817.5,766.2,0.00069,0.0533865574147867,34.9,4,0.16429,0.15782,25,3,2,55.3,1,0,6.70625090277141,1.7404661748405
"Charadriiformes","Laridae","Larus glaucoides ",7.5,900,945.5,0.09637,0.146898689217781,33,4,0.13079,0.12103,25,2.5,2,68,1,0,6.80239476332431,2.01490302054226
"Charadriiformes","Laridae","Larus hyperboreus ",8,1412.5,1210,0.01417,0.0559553042984247,21.1,4,-0.10655,-0.15163,27,3,2,69.57,1,0,7.2531164630206,2.07944154167984
"Charadriiformes","Laridae","Larus marinus ",7.461,1606.5,1659,-0.04759,-0.00802851996424869,29.2,5,0.02225,-0.01316,27,3,2,57.28,0,0,7.38181317855591,2.00968945348938
"Charadriiformes","Laridae","Larus minutus ",1.9,98.5,119,0.04108,0.134085387725445,20.9,2,0.14398,0.14744,21,3,2,57.76,1,0,4.59005654817804,0.641853886172395
"Charadriiformes","Laridae","Larus ridibundus ",2.764,280.5,306,-0.05206,0.0209668155912233,32.9,2,0.24095,0.26049,22,3,2,52.34,1,0,5.63657372496275,1.01667890590542
"Charadriiformes","Laridae","Rissa brevirostris",4.32,391,377,0.06068,0.126579838915777,27,4,0.12336,0.10038,30,1.5,2,56.88,1,0,5.96870755998537,1.46325540225602
"Charadriiformes","Laridae","Rissa tridactyla ",3.65,418,317,-0.02886,0.03598107277975,28.5,4,0.14046,0.12141,27,2,2,60.5,1,0,6.03548143252476,1.2947271675944
"Charadriiformes","Recurvirostridae","Recurvirostra avosetta ",2,306,304,-0.21384,-0.14309363658702,27.8,2,0.15948,0.1738,24,3.5,1,12.39,1,0,5.72358510195238,0.693147180559945
"Charadriiformes","Scolopacidae","Actitis hypoleucos ",0.78,47.8,48,-0.16851,-0.0623624548017082,14.5,1,0.05444,0.07081,21,4,1,50.89,1,0,3.86702563949741,-0.2484613592985
"Charadriiformes","Scolopacidae","Arenaria interpres ",1.5,110.5,136,-0.0897,0.000742687490914717,22.3,2,0.16115,0.16744,22,4,1,68.88,1,0,4.70501552095781,0.405465108108164
"Charadriiformes","Scolopacidae","Calidris alba ",1.04,57,50,-0.08687,0.0159097868371157,18.6,2,0.14566,0.14359,27,4,1,72.93,0,0,4.04305126783455,0.0392207131532813
"Charadriiformes","Scolopacidae","Calidris alpina ",0.855,43.1,52.5,-0.1033,0.00494597540936864,28.8,2,0.36238,0.37855,21,4,1,63.66,0,0,3.7635229971097,-0.156653810045377
"Charadriiformes","Scolopacidae","Calidris canutus ",1.3,137,135,-0.20441,-0.118301588950001,27.3,3,0.22845,0.22492,22,4,1,72.41,0,0,4.91998092582813,0.262364264467491
"Charadriiformes","Scolopacidae","Calidris ferruginea ",1.02,60.3,58.1,-0.10907,-0.00665470927545842,19.7,3,0.16523,0.14079,21,4,1,72,1,0,4.09933210373314,0.0198026272961797
"Charadriiformes","Scolopacidae","Calidris maritima ",1.09,72,65.2,-0.12344,-0.0253824676366345,20.8,3,0.17193,0.15154,22,4,1,70.04,1,0,4.27666611901606,0.0861776962410524
"Charadriiformes","Scolopacidae","Calidris mauri",0.66,29.5,26.19,-0.12333,-0.00852996782137366,9.2,2,-0.09708,-0.15597,21,4,1,64.15,0,0,3.38439026334577,-0.415515443961666
"Charadriiformes","Scolopacidae","Calidris minuta ",0.6,25.6,21.1,-0.12953,-0.0112981655258661,14.7,2,0.12019,0.1043,20,4,1,71.84,1,0,3.24259235148552,-0.510825623765991
"Charadriiformes","Scolopacidae","Calidris pusilla",0.528,26,27,-0.18902,-0.0711529975633909,19.3,1,0.23676,0.26127,20,4,1,62.64,1,0,3.25809653802148,-0.638658995275876
"Charadriiformes","Scolopacidae","Gallinago gallinago ",1.343,119.5,131.6,-0.15686,-0.0678903486685655,18.2,1,0.06542,0.08795,19,4,1,18.25,1,0,4.78331637137157,0.294905917541101
"Charadriiformes","Scolopacidae","Limicola falcinellus ",0.74,34.2,37.1,-0.10975,0.00263137587842821,6.8,2,-0.2425,-0.34625,21,4,1,65.26,1,0,3.53222564406856,-0.301105092783922
"Charadriiformes","Scolopacidae","Limosa lapponica ",2.547,333.5,322,-0.12989,-0.0605472347605714,34,2,0.23869,0.25907,21,4,1,66.92,1,0,5.80964286535568,0.93491619599732
"Charadriiformes","Scolopacidae","Limosa limosa ",2.9,289.5,294,-0.03892,0.0324708595255548,23.6,2,0.09365,0.10195,20,3.5,1,56.1,1,0,5.66815529701305,1.06471073699243
"Charadriiformes","Scolopacidae","Lymnocryptes minimus ",0.914,50.2,50.2,-0.11189,-0.00671324290490135,12.3,1,-0.0218,-0.01125,23,3.5,1,62.94,1,0,3.91601502669768,-0.089924707527987
"Charadriiformes","Scolopacidae","Numenius arquata ",4.045,725,728,-0.1189,-0.0640570343413023,31.8,2,0.13538,0.1536,28,4,1,56.67,1,0,6.58617165485467,1.39748155051045
"Charadriiformes","Scolopacidae","Numenius phaeopus ",1.7,383,365.7,-0.33931,-0.272958475042007,24.2,2,0.07779,0.08699,22,4,1,60.56,0,0,5.94803498918065,0.53062825106217
"Charadriiformes","Scolopacidae","Phalaropus lobatus ",0.47,35.3,33.8,-0.31463,-0.20286458018724,12.9,1,0.03255,0.04501,19,4,1,63.87,0,0,3.56388296393925,-0.755022584278033
"Charadriiformes","Scolopacidae","Philomachus pugnax ",1.7,158.5,136,-0.12356,-0.040533391245509,13.9,2,-0.07864,-0.09914,21,4,1,60.63,1,0,5.06575459331733,0.53062825106217
"Charadriiformes","Scolopacidae","Scolopax rusticola ",2.446,309.5,308.3,-0.1292,-0.0591279066104725,15.5,1,-0.09532,-0.07754,22,4,1,48.58,1,0,5.73495809212465,0.894454037264981
"Charadriiformes","Scolopacidae","Tringa erythropus ",1.8,151.5,158,-0.08769,-0.00339631115169714,8.6,1,-0.28284,-0.28953,23,4,1,67.03,1,0,5.02058562494942,0.587786664902119
"Charadriiformes","Scolopacidae","Tringa glareola ",1.2,67.5,62.5,-0.06607,0.0336094444947024,11.6,1,-0.07557,-0.06744,22,4,1,60.39,1,0,4.21212759787848,0.182321556793955
"Charadriiformes","Scolopacidae","Tringa nebularia ",1.81,173.5,187,-0.11844,-0.0362006974284421,24.4,1,0.15709,0.18586,24,4,1,60.16,1,0,5.15617759938691,0.593326845277734
"Charadriiformes","Scolopacidae","Tringa ochropus ",1.3,80,90,-0.07286,0.0237022481475983,11.5,1,-0.09557,-0.08787,21,4,1,54.42,1,0,4.38202663467388,0.262364264467491
"Charadriiformes","Scolopacidae","Tringa stagnatilis ",1.02,72.5,77.5,-0.15413,-0.0552030296507063,7.1,1,-0.2956,-0.31428,23,4,1,52.65,1,0,4.28358656186063,0.0198026272961797
"Charadriiformes","Scolopacidae","Tringa totanus ",1.352,129,149,-0.17267,-0.0855233848280459,26.9,1,0.22779,0.25838,24,4,1,50.28,1,0,4.85981240436167,0.301584977620772
"Charadriiformes","Scolopacidae","Xenus cinereus ",1.07,72,78.8,-0.13165,-0.0333824676366345,16,1,0.05792,0.07715,23,4,1,60.87,1,0,4.27666611901606,0.0676586484738149
"Charadriiformes","Stercorariidae","Catharacta maccormicki",7.034,1156,1349,0.00732,0.0527516027065065,23.5,6,-0.0406,-0.12235,29,2,2,71.39,1,0,7.05272104923232,1.95075553405179
"Charadriiformes","Stercorariidae","Catharacta skua ",7.5,1410,1340,-0.01342,0.0285621583031153,34.5,6,0.08197,0.0451,29,2,2,61.88,1,0,7.25134498337221,2.01490302054226
"Charadriiformes","Stercorariidae","Stercorarius parasiticus ",4.03,470.3,445.5,-0.01467,0.0480315185405296,31.1,3,0.1671,0.16963,26,2,2,66.43,1,0,6.153370788951,1.39376637595859
"Charadriiformes","Sternidae","Sterna albifrons ",0.9,56,31,-0.14533,-0.0422353811253595,23.9,2,0.25371,0.26308,21,2,2,12.02,1,0,4.02535169073515,-0.105360515657826
"Charadriiformes","Sternidae","Sterna hirundo ",1.778,125,120,-0.04601,0.0419725712376224,33,3,0.31956,0.32523,24,2.5,2,42.85,1,0,4.8283137373023,0.575489137091713
"Charadriiformes","Sternidae","Sterna paradisaea ",1.5,114.5,100,-0.09839,-0.00896697658413487,34,3,0.34092,0.34789,21,2,2,66.17,1,0,4.74057482299429,0.405465108108164
"Ciconiiformes","Ciconiidae","Ciconia ciconia ",14.915,3245.5,3350,0.08127,0.107881008605119,39,4,0.08068,0.0796,33,4,3,44.87,1,0,8.08502470047352,2.70236741796671
"Ciconiiformes","Ciconiidae","Ciconia nigra ",11.8,3000,2926,-0.00124,0.0265140447646,31.3,4,-0.00732,-0.02076,33,4,3,14.74,1,1,8.00636756765025,2.46809953147162
"Columbiformes","Columbidae","Columba livia ",2.23,280.5,358.7,-0.14529,-0.0730331844087767,35,1,0.26783,0.30201,18,2,4,37.86,2,1,5.63657372496275,0.802001585472027
"Columbiformes","Columbidae","Columba oenas ",2.266,291,291,-0.14732,-0.0757428484838263,12.6,1,-0.17939,-0.16854,17,2,4,47.95,1,0,5.67332326717149,0.818016162605815
"Columbiformes","Columbidae","Columba palumbus ",2.186,501,490,-0.29579,-0.233960393590807,17.7,1,-0.08374,-0.06242,17,1.5,4,44.78,1,0,6.21660610108486,0.782073389754347
"Columbiformes","Columbidae","Columbina inca",0.756,48,50,-0.1832,-0.0765761628110895,13.3,1,0.01643,0.02988,14,2,4,22.86,0,1,3.87120101090789,-0.279713902802604
"Columbiformes","Columbidae","Streptopelia decaocto ",1.346,193,157.4,-0.27312,-0.1937228356489,17.9,1,0.01236,0.0343,15,2,4,39.12,1,1,5.26269018890489,0.297137231222536
"Columbiformes","Columbidae","Streptopelia turtur ",1.265,136.5,154,-0.21537,-0.12908788094062,13.2,1,-0.08679,-0.07398,14,1.5,4,41.4,1,0,4.91632461462501,0.235072122179483
"Columbiformes","Columbidae","Zenaida macroura",1.233,126.5,119,-0.20795,-0.12006169878583,31.3,1,0.29545,0.32841,14,2,4,36.4,2,0,4.84024230816757,0.209450224182207
"Coraciiformes","Alcedinidae","Alcedo atthis ",0.8,42.4,31.4,-0.12816,-0.0198060465577973,21,1,0.22677,0.25302,20,6.5,4,24.64,1,0,3.74714836223791,-0.22314355131421
"Coraciiformes","Coraciidae","Coracias garrulus ",2.2,147,146,0.00684,0.0914927909092808,9.2,1,-0.25067,-0.25364,18,4,4,44.04,1,0,4.99043258677874,0.78845736036427
"Coraciiformes","Meropidae","Merops apiaster ",0.798,55.1,56.6,-0.19361,-0.0899874030925253,5.9,1,-0.34976,-0.38307,20,6.5,4,11.38,1,0,4.00914971615887,-0.225646681532328
"Falconiformes","Falconidae","Falco columbarius ",3,187,195,0.08268,0.162773120416768,12.7,1,-0.13366,-0.12237,30,5,3,56.55,1,0,5.23110861685459,1.09861228866811
"Falconiformes","Falconidae","Falco eleonorae ",4.18,385,390,0.05014,0.116827816948612,11.2,1,-0.25731,-0.25126,28,2.5,3,36.11,1,0,5.95324333428778,1.43031124653666
"Falconiformes","Falconidae","Falco naumanni ",2.9,159,152.5,0.10762,0.1908597547498,10.9,1,-0.18453,-0.17935,28,4,3,43.9,1,0,5.06890420222023,1.06471073699243
"Falconiformes","Falconidae","Falco rusticolus ",8,1425,1407,0.01202,0.0535278882796624,13.5,2,-0.30134,-0.32477,35,3.5,3,67.46,1,0,7.26192709270275,2.07944154167984
"Falconiformes","Falconidae","Falco subbuteo ",3.5,211,209.5,0.1201,0.198216712172857,14.9,1,-0.07583,-0.05913,29,3,3,44.24,1,0,5.35185813347607,1.25276296849537
"Falconiformes","Falconidae","Falco tinnunculus ",3.718,232.5,184,0.12261,0.198728843975852,23.8,1,0.11828,0.14648,28,4.5,3,17.94,2,0,5.44889022502741,1.31318588929925
"Falconiformes","Falconidae","Falco vespertinus ",2.5,158.5,152.5,0.04394,0.127466608754491,13.2,1,-0.10108,-0.08832,22,3.5,3,53.52,1,0,5.06575459331733,0.916290731874155
"Galliformes","Odontophoridae","Callipepla gambelii",1.16,162.3,166,-0.29526,-0.212601931292415,7.4,1,-0.35466,-0.37075,22,11,1,32.3,1,0,5.08944647452055,0.148420005118273
"Galliformes","Phasianidae","Alectoris rufa ",1.953,477.5,528,-0.33299,-0.270216459492304,6.2,1,-0.53472,-0.56453,23,13,1,42.7,1,1,6.16856415992078,0.669366651894542
"Galliformes","Phasianidae","Bonasa bonasia ",1.881,532,429,-0.37573,-0.315738597712762,7.2,1,-0.48012,-0.49851,25,9,1,53.59,1,0,6.27664348934164,0.631803550318893
"Galliformes","Phasianidae","Coturnix coturnix ",0.8,90,96.5,-0.31251,-0.218247306091622,14.6,1,-0.00318,0.01318,18,10.5,1,13.25,1,0,4.49980967033027,-0.22314355131421
"Galliformes","Phasianidae","Lagopus lagopus ",2.513,595,595.88,-0.2773,-0.219474443942602,9,1,-0.39391,-0.39856,21,6,1,58.89,0,0,6.38856140554563,0.921477258561455
"Galliformes","Phasianidae","Perdix perdix ",1.55,382,492,-0.37879,-0.312351621037317,5.2,1,-0.58977,-0.63586,24,16,1,51.32,1,0,5.94542060860658,0.438254930931155
"Galliformes","Phasianidae","Phasianus colchicus ",4.12,1087.5,1095,-0.21008,-0.162863339166847,27,1,0.02554,0.05545,24,11,1,35,2,1,6.99163676296284,1.41585316336144
"Galliformes","Phasianidae","Tetrao tetrix ",3.519,1139,1079,-0.28987,-0.24460727326535,12.2,1,-0.32389,-0.31475,26,8.5,1,55.47,1,0,7.03790596344718,1.25817685833945
"Galliformes","Phasianidae","Tetrao urogallus ",5.772,3112.5,2950,-0.3208,-0.29419561931045,18,3,-0.25111,-0.28436,25,9,1,55.73,1,1,8.04318154077296,1.75301864091162
"Gaviiformes","Gaviidae","Gavia arctica ",7.5,2804.5,2724,-0.18158,-0.152887189099373,28,3,-0.04926,-0.05251,29,1.5,1,57.57,1,0,7.93898054894839,2.01490302054226
"Gaviiformes","Gaviidae","Gavia immer ",13,4200,3405,-0.04146,-0.0200866399202275,24.1,4,-0.16931,-0.20237,28,2,1,59.69,1,0,8.34283980427146,2.56494935746154
"Gaviiformes","Gruidae","Grus grus ",17.6,4797.5,5500,0.05758,0.0767158278077182,43,5,0.08571,0.0778,30,2,1,53.1,1,0,8.47585022788186,2.86789890204411
"Gruiformes","Rallidae","Fulica atra ",3.078,775,734.3,-0.25386,-0.20065580047733,20.6,1,-0.05956,-0.03476,22,8,1,10,1,0,6.65286302935335,1.12428003541669
"Gruiformes","Rallidae","Gallinula chloropus ",1.902,348.5,392,-0.26747,-0.199077460849693,18.6,1,-0.02749,-0.00479,19,9,1,15.63,1,0,5.85363823020058,0.642905964123199
"Gruiformes","Rallidae","Rallus aquaticus ",1.756,115.5,111.5,-0.03208,0.0576056073971026,8.9,1,-0.242,-0.24668,20,8.5,1,45.19,1,0,4.74927052996185,0.563038495212925
"Otidiformes","Otididae","Otis tarda ",10.8,7895.5,7896,-0.27634,-0.267364637205451,28.3,3,-0.14361,-0.14668,24,2.5,1,45.3,1,1,8.9740482559067,2.37954613413017
"Passeriformes","Acrocephalidae","Acrocephalus arundinaceus ",0.94,21.9,30,0.10315,0.224361052788404,10.1,1,-0.02806,-0.02567,14,4.5,4,37.62,1,0,3.08648663682246,-0.0618754037180875
"Passeriformes","Acrocephalidae","Acrocephalus melanopogon",0.41,11.3,10.9,-0.09473,0.0391350061392955,11.2,1,0.08036,0.08765,14,4,4,42.15,1,0,2.42480272571829,-0.891598119283784
"Passeriformes","Acrocephalidae","Acrocephalus palustris ",0.52,12,11.5,-0.00686,0.12574994801265,9.8,1,0.01637,0.01751,13,4,4,50.45,1,0,2.484906649788,-0.653926467406664
"Passeriformes","Acrocephalidae","Acrocephalus schoenobaenus ",0.44,11.9,11.8,-0.07737,0.0545705100267213,11.8,1,0.09783,0.10725,14,5.5,4,53.9,1,0,2.47653840011748,-0.82098055206983
"Passeriformes","Acrocephalidae","Acrocephalus scirpaceus ",0.58,11.8,12.3,0.04467,0.176997926045484,14,1,0.17288,0.18858,10,4,4,46.98,1,0,2.46809953147162,-0.544727175441672
"Passeriformes","Acrocephalidae","Acrocephalus stentoreus ",0.87,26.9,24.2,0.01925,0.13674419236625,10.6,1,-0.02674,-0.02218,13,4.5,4,2.81,1,0,3.29212628660779,-0.139262067333508
"Passeriformes","Acrocephalidae","Hippolais icterina ",0.483,13.3,13.2,-0.06407,0.0664415178015725,10.8,1,0.04873,0.05438,14,4.5,4,53.42,1,0,2.58776403522771,-0.727738625329564
"Passeriformes","Aegithalidae","Aegithalos caudatus ",0.424,8.1,8.6,0.00062,0.140521982814741,11.1,1,0.10805,0.11507,15,10,4,48.35,1,0,2.09186406167839,-0.858021823750179
"Passeriformes","Aegithalidae","Psaltriparus minimus",0.36,5.3,5.3,0.03328,0.181183119677811,9.1,1,0.06233,0.05995,12,6,4,32.19,0,0,1.66770682055808,-1.02165124753198
"Passeriformes","Alaudidae","Alauda arvensis ",0.896,36.4,37.5,-0.04192,0.0692463177517822,10.1,1,-0.07665,-0.07444,11,3,4,51.78,1,0,3.5945687746427,-0.109814866007207
"Passeriformes","Alaudidae","Eremophila alpestris ",0.92,34.8,33.5,-0.01945,0.0927765438409034,8,1,-0.17358,-0.18406,11,3,4,50.92,1,0,3.54961738678043,-0.083381608939051
"Passeriformes","Alaudidae","Galerida cristata ",1.104,44.7,42.9,-0.00122,0.106236311334319,11.6,1,-0.03605,-0.02778,12,4,4,29.91,1,0,3.79997350161952,0.0989399478549036
"Passeriformes","Bombycillidae","Bombycilla garrulus ",1.112,50.5,54.5,-0.02819,0.0770730490857174,13.5,1,0.01805,0.03201,14,5,4,60.62,1,0,3.92197333628131,0.106160195828391
"Passeriformes","Calcariidae","Calcarius lapponicus ",1,25.2,28.35,0.0957,0.214342958502277,6,1,-0.26765,-0.29921,12,5,4,67.09,1,0,3.22684399451738,0
"Passeriformes","Calcariidae","Calcarius pictus",0.901,27.5,26.65,0.02922,0.146282506324035,5,1,-0.35519,-0.40451,12,4,4,61.98,1,0,3.31418600467253,-0.104250021373799
"Passeriformes","Calcariidae","Plectrophenax nivalis ",1.06,34.8,41.8,0.04207,0.153776543840903,9.6,1,-0.0944,-0.09466,12,5,4,68.32,1,0,3.54961738678043,0.0582689081239758
"Passeriformes","Cardinalidae","Passerina cyanea",0.67,12.2,15,0.09917,0.231501969979815,11,1,0.06496,0.07144,12,3.5,4,38.55,1,0,2.50143595173921,-0.400477566597125
"Passeriformes","Cardinalidae","Spiza americana",0.94,27,33,0.05195,0.16913733836156,4.8,1,-0.37116,-0.42502,12,4,4,40,1,0,3.29583686600433,-0.0618754037180875
"Passeriformes","Certhiidae","Certhia familiaris ",0.5,9.2,9.1,0.04241,0.18035872056614,8.2,1,-0.03511,-0.04361,14,5.5,4,49.17,1,0,2.21920348405499,-0.693147180559945
"Passeriformes","Cinclidae","Cinclus cinclus ",1.44,61.9,61.7,0.03429,0.135063042668254,10.6,1,-0.10644,-0.10217,16,4.5,4,53.31,2,0,4.12552017969055,0.364643113587909
"Passeriformes","Cinclidae","Cinclus mexicanus",1.45,57.8,50.2,0.05405,0.156268662808972,8.1,1,-0.2167,-0.2266,15,4,4,39.06,1,0,4.05698877567833,0.371563556432483
"Passeriformes","Corvidae","Aphelocoma ultramarina",3.74,128.4,130,0.27037,0.357690323181335,25,2,0.19642,0.20726,18,4,4,19.87,1,1,4.85515039125586,1.31908561142644
"Passeriformes","Corvidae","Corvus corax ",15.368,1200.6,1041,0.33746,0.383041938631457,69,3,0.42357,0.45052,19,5,4,46.87,1,1,7.09057671081774,2.73228742546626
"Passeriformes","Corvidae","Corvus corone ",8.118,544.5,472.7,0.25365,0.313192862240331,19.2,3,-0.05637,-0.08362,18,4.5,4,51.3,1,0,6.29986794237302,2.09408381841671
"Passeriformes","Corvidae","Corvus frugilegus ",7.978,453.5,453.5,0.29081,0.354134328610889,22.9,2,0.03765,0.04457,17,4,4,46.48,1,0,6.11699526955519,2.07668775348321
"Passeriformes","Corvidae","Corvus ossifragus",6.21,285,418,0.2956,0.367718837558389,14.5,2,-0.1164,-0.13409,17,4,4,34.73,0,0,5.65248918026865,1.82616089594539
"Passeriformes","Corvidae","Cyanocitta cristata",3.03,89.1,80.8,0.2683,0.36218010992714,26.2,1,0.25173,0.282,17,4,4,40.65,0,1,4.48975933447676,1.10856261952128
"Passeriformes","Corvidae","Cyanocitta stelleri",3.67,128,99.1,0.26293,0.350904031190716,16.1,1,0.00561,0.02481,16,4,4,37.25,1,0,4.85203026391962,1.30019166206648
"Passeriformes","Corvidae","Garrulus glandarius ",3.969,167.6,159.7,0.2311,0.313902112641917,17.9,1,0.02589,0.04788,16,6,4,43.34,1,0,5.12158018804798,1.37851417380093
"Passeriformes","Corvidae","Gymnorhinus cyanocephalus",3.64,103,105,0.3125,0.403948307631633,14.6,1,-0.01609,0.00023,17,4,4,38.25,1,0,4.63472898822964,1.29198368164865
"Passeriformes","Corvidae","Nucifraga caryocatactes ",5.502,193,147,0.33836,0.4182771643511,16.2,1,-0.03097,-0.01174,18,3.5,4,45.84,1,0,5.26269018890489,1.70511166250238
"Passeriformes","Corvidae","Perisoreus canadensis",2.62,69,70.3,0.26767,0.366540904447796,19.2,1,0.14117,0.16521,17,3,4,51.5,0,0,4.23410650459726,0.963174317773006
"Passeriformes","Corvidae","Pica pica ",5.58,228,178,0.30371,0.380583676013377,21.7,2,0.08003,0.08489,21,6,4,44.63,1,0,5.42934562895444,1.71918877639322
"Passeriformes","Corvidae","Pyrrhocorax graculus ",3.2,230.4,211.5,0.05972,0.136156259994615,24.4,3,0.12998,0.11985,19,4,4,39.91,1,0,5.43981692882174,1.16315080980568
"Passeriformes","Corvidae","Pyrrhocorax pyrrhocorax ",5.9,254.8,277.8,0.3008,0.375454683788228,20.3,2,0.04046,0.04222,18,4,4,31.39,1,1,5.54047892369801,1.77495235091167
"Passeriformes","Emberizidae","Ammodramus savannarum",0.67,17,17.6,0.01803,0.144114993304369,9.1,1,-0.04912,-0.05192,11,4,4,27.54,1,0,2.83321334405622,-0.400477566597125
"Passeriformes","Emberizidae","Amphispiza bilineata",0.7,13.8,13.5,0.08805,0.217731853726523,6,1,-0.21007,-0.24142,12,3,4,33.63,1,0,2.62466859216316,-0.356674943938732
"Passeriformes","Emberizidae","Calamospiza melanocorys",1.22,37.8,32.6,0.0829,0.193536653676733,4.8,1,-0.40334,-0.45732,12,5,4,42.24,1,0,3.63230910262554,0.198850858745165
"Passeriformes","Emberizidae","Emberiza aureola ",0.71,21.2,19.6,-0.0102,0.111463862858763,7,1,-0.18395,-0.20322,13,4.5,4,54.09,1,0,3.05400118167797,-0.342490308946776
"Passeriformes","Emberizidae","Emberiza cirlus ",0.79,23.8,25.6,0.00781,0.127514308619542,6.1,1,-0.25481,-0.28493,12,3.5,4,40.19,1,0,3.16968558067743,-0.23572233352107
"Passeriformes","Emberizidae","Emberiza citrinella ",0.767,29.7,26.8,-0.05969,0.0556494701645546,13.2,1,0.05906,0.07241,13,4,4,54.68,1,0,3.39114704580865,-0.265268477614881
"Passeriformes","Emberizidae","Emberiza hortulana ",0.72,23.8,27,-0.03299,0.0859074546148519,6.8,1,-0.20783,-0.22927,12,3.5,4,51.25,1,0,3.16968558067743,-0.328504066972036
"Passeriformes","Emberizidae","Emberiza melanocephala ",0.731,28.4,28.4,-0.06919,0.0467865502583664,11,1,-0.01568,-0.00949,14,4.5,4,37.06,1,0,3.34638914516716,-0.313341819232359
"Passeriformes","Emberizidae","Emberiza schoeniclus ",0.75,18.8,18.4,0.04241,0.166413417097983,12.2,1,0.06857,0.07916,13,4.5,4,50.33,1,0,2.9338568698359,-0.287682072451781
"Passeriformes","Emberizidae","Junco hyemalis",0.86,19,19,0.09926,0.22237914707453,11.3,1,0.03428,0.04176,11,4,4,50.4,2,0,2.94443897916644,-0.150822889734584
"Passeriformes","Emberizidae","Melospiza georgiana",0.84,17.6,16.1,0.10775,0.23240532922932,7.8,1,-0.11939,-0.13122,13,4,4,51.86,1,0,2.86789890204411,-0.174353387144778
"Passeriformes","Emberizidae","Melospiza melodia",0.96,20.5,22.7,0.12845,0.25035296491974,11.3,1,0.02701,0.03447,12,4,4,40.88,1,0,3.02042488614436,-0.0408219945202552
"Passeriformes","Emberizidae","Miliaria calandra ",1.182,46.7,48.8,0.01771,0.124706085245198,10.6,1,-0.07939,-0.07502,13,5,4,44.37,1,0,3.84374416467485,0.167207918983906
"Passeriformes","Emberizidae","Passerculus sandwichensis",0.7,20.1,20.2,-0.00391,0.118814650961956,18,1,0.23109,0.25397,12,4,4,45.05,1,1,3.00071981506503,-0.356674943938732
"Passeriformes","Emberizidae","Pipilo aberti",1.409,39.2,46,0.13655,0.246826989601683,8.6,1,-0.15356,-0.15978,14,3,4,34.3,1,0,3.66867674679642,0.342880232916543
"Passeriformes","Emberizidae","Pipilo erythrophthalmus",1.41,39.2,39.4,0.13687,0.246826989601683,12.3,1,0.00185,0.01249,12,4,4,34.05,1,0,3.66867674679642,0.343589704390077
"Passeriformes","Emberizidae","Pipilo fuscus",1.409,39.2,44.4,0.13655,0.246826989601683,12.8,1,0.01915,0.03129,11,3,4,28.65,0,0,3.66867674679642,0.342880232916543
"Passeriformes","Emberizidae","Spizella arborea",0.77,12.4,16.6,0.15561,0.287253991946981,10.8,1,0.05543,0.06111,12,4,4,60.85,2,0,2.51769647261099,-0.261364764134408
"Passeriformes","Emberizidae","Zonotrichia albicollis",1.09,27.4,20.2,0.11265,0.228889360328726,14.9,1,0.11938,0.1368,13,4,4,53.31,1,0,3.31054301339402,0.0861776962410524
"Passeriformes","Emberizidae","Zonotrichia leucophrys",1,26.4,25.82,0.08432,0.201599024403775,13.3,1,0.0736,0.08726,12,4,4,51.99,2,0,3.27336401015227,0
"Passeriformes","Emberizidae","Zonotrichia querula",0.964,24.7,33.1,0.08478,0.203197790539802,11.7,1,0.0243,0.03312,13,4,4,63.07,1,0,3.20680324363393,-0.0366639843715915
"Passeriformes","Fringillidae","Carduelis cannabina ",0.654,19,19.5,-0.01902,0.104986001079221,9.4,1,-0.04542,-0.04655,13,5,4,46.87,1,0,2.94443897916644,-0.424647927524938
"Passeriformes","Fringillidae","Carduelis chloris ",0.877,27.7,26,0.01601,0.132461944309963,13.6,1,0.07886,0.09328,13,5,4,49.02,1,0,3.32143241319329,-0.131248286609954
"Passeriformes","Fringillidae","Carduelis flammea ",0.6,12.1,14.2,0.05265,0.184715677989196,12.2,1,0.11047,0.12121,10,5,4,64.95,1,0,2.4932054526027,-0.510825623765991
"Passeriformes","Fringillidae","Carduelis flavirostris ",0.401,14.9,15.4,-0.17183,-0.0436874744235759,6.1,1,-0.2099,-0.23985,12,5,4,49.63,1,0,2.70136121295141,-0.913793851675568
"Passeriformes","Fringillidae","Carduelis spinus ",0.522,13.8,13.2,-0.03937,0.0907318537265232,13.5,1,0.14211,0.15652,12,4,4,49.79,1,0,2.62466859216316,-0.650087691099498
"Passeriformes","Fringillidae","Carpodacus mexicanus",0.81,20.4,21.4,0.05586,0.177566672929122,11.6,1,0.03886,0.0474,14,4,4,33.72,1,0,3.01553490085017,-0.210721031315653
"Passeriformes","Fringillidae","Carpodacus purpureus",0.93,25.6,25.42,0.06033,0.178094980469443,14,1,0.09882,0.11425,13,4,4,47.4,1,0,3.24259235148552,-0.0725706928348354
"Passeriformes","Fringillidae","Coccothraustes coccothraustes ",1.687,54.7,56.6,0.13328,0.236833158921547,12.6,1,-0.01955,-0.00811,12,4.5,4,46.48,1,0,4.00186370942794,0.522951803563831
"Passeriformes","Fringillidae","Fringilla coelebs ",0.808,22.2,20.7,0.0341,0.15471992876026,29,1,0.42871,0.46114,13,4.5,4,49.49,0,1,3.10009228887823,-0.213193220461042
"Passeriformes","Fringillidae","Fringilla montifringilla ",0.699,22.7,23.2,-0.03374,0.086258242718045,14.8,1,0.13466,0.15194,12,6,4,60.63,1,0,3.12236492448736,-0.358104536748327
"Passeriformes","Fringillidae","Himatione sanguinea",0.69,14.8,13.4,0.0647,0.193526233585805,11,1,0.04648,0.0529,13,3,4,20.55,0,1,2.69462718077007,-0.371063681390832
"Passeriformes","Fringillidae","Loxia curvirostra ",1.554,40.9,39.5,0.16902,0.277903617517252,16.1,1,0.11483,0.13443,13,3,4,42.77,0,0,3.71113006304876,0.440832251945456
"Passeriformes","Fringillidae","Loxia leucoptera ",1.51,32.8,28.9,0.21021,0.323554747962859,4,1,-0.46895,-0.54636,13,3,4,55.46,0,1,3.4904285153901,0.412109650826833
"Passeriformes","Fringillidae","Pinicola enucleator ",1.64,65.7,65.3,0.0762,0.176284838546299,9.8,1,-0.14621,-0.14567,13,4,4,52.36,0,0,4.18509892549057,0.494696241836107
"Passeriformes","Fringillidae","Pyrrhula pyrrhula ",0.874,31.1,24.4,-0.01384,0.101119244075433,17.5,1,0.17727,0.19926,13,4.5,4,51.82,1,0,3.43720781918519,-0.134674903326602
"Passeriformes","Fringillidae","Serinus canaria ",0.57,15.3,13.3,-0.0256,0.102637131524827,24,1,0.38244,0.41175,13,3.5,4,33.35,1,1,2.72785282839839,-0.562118918153541
"Passeriformes","Hirundinidae","Delichon urbicum",0.435,19.6,14.5,-0.20373,-0.0809031009817569,15,1,0.15456,0.17231,15,4,4,42.94,1,0,2.97552956623647,-0.832409247893453
"Passeriformes","Hirundinidae","Petrochelidon pyrrhonota",0.506,19.5,23.24,-0.1376,-0.0149031009817569,11.8,1,0.05048,0.05974,14,4,4,41.6,2,0,2.9704144655697,-0.681218609694672
"Passeriformes","Hirundinidae","Progne subis",1.07,50.7,45,-0.04588,0.0588593410763361,13.8,1,0.02722,0.04193,15,5,4,38.73,1,0,3.92592591059714,0.0676586484738149
"Passeriformes","Hirundinidae","Riparia riparia ",0.342,13.2,12.7,-0.21122,-0.0805242121749744,10,1,0.01639,0.01849,15,4,4,47.3,2,0,2.58021682959233,-1.07294454191953
"Passeriformes","Hirundinidae","Stelgidopteryx ruficollis",0.55,15.2,16,-0.04031,0.0872439855295181,5.9,1,-0.22661,-0.25946,14,6,4,10.15,1,0,2.72129542785223,-0.59783700075562
"Passeriformes","Hirundinidae","Tachycineta bicolor",0.57,20.1,19,-0.09313,0.029814650961956,12.1,1,0.0586,0.06884,14,5,4,51.1,1,0,3.00071981506503,-0.562118918153541
"Passeriformes","Hirundinidae","Tachycineta thalassina",0.48,15.1,14.2,-0.09782,0.0300645475435898,9.1,1,-0.03779,-0.04054,14,4,4,45.65,1,0,2.71469474382088,-0.7339691750802
"Passeriformes","Icteridae","Dolichonyx oryzivorus",1.11,38.7,35,0.03611,0.145861259625136,9,1,-0.13259,-0.13627,13,5,4,43.2,1,0,3.65583960003574,0.104360015324243
"Passeriformes","Icteridae","Euphagus carolinus",1.56,55.7,60.8,0.09486,0.197978326884022,8.8,1,-0.17717,-0.18221,14,4.5,4,56.2,1,0,4.01998014693324,0.444685821261446
"Passeriformes","Icteridae","Euphagus cyanocephalus",1.49,68.5,64.55,0.02434,0.123361466461868,12.5,1,-0.04452,-0.03346,13,5,4,45.9,1,0,4.22683374526818,0.398776119957368
"Passeriformes","Icteridae","Icteria virens",0.94,24.9,26,0.07175,0.19037722852573,8.9,1,-0.09527,-0.09941,11,5,4,37.5,0,0,3.21486780347066,-0.0618754037180875
"Passeriformes","Icteridae","Icterus spurius",0.89,20.4,21,0.09676,0.218566672929122,17.7,1,0.22238,0.24481,13,5,4,34.75,1,1,3.01553490085017,-0.116533816255952
"Passeriformes","Icteridae","Quiscalus major",2.88,158.8,152.6,0.10493,0.1878597547498,13.9,1,-0.07882,-0.06427,13,4,4,33.11,1,0,5.06764554881304,1.05779029414785
"Passeriformes","Icteridae","Quiscalus mexicanus",3.07,168.7,168.7,0.11788,0.200081550627845,12.5,1,-0.13071,-0.11997,13,3,4,19.97,1,0,5.12812198955192,1.12167756159911
"Passeriformes","Icteridae","Quiscalus quiscula",2.68,110.2,111,0.16301,0.253349541495605,23.1,1,0.17671,0.20459,14,5,4,42.98,1,0,4.70229689671881,0.985816794522765
"Passeriformes","Icteridae","Sturnella magna",2.3,89,94.71,0.14886,0.243786963931831,12.6,1,-0.0661,-0.05483,13,5,4,23.95,0,0,4.48863636973214,0.832909122935104
"Passeriformes","Icteridae","Sturnella neglecta",2.01,103.5,85,0.05341,0.144734599622251,10,1,-0.1809,-0.17953,14,3,4,39,0,1,4.63957161270542,0.698134722070984
"Passeriformes","Laniidae","Lanius collurio ",1.04,30.7,28.4,0.06445,0.179153514098886,10.1,1,-0.06036,-0.05809,14,5,4,49.47,1,0,3.42426265459315,0.0392207131532813
"Passeriformes","Laniidae","Lanius ludovicianus",1.59,47.4,46,0.14259,0.248458107212364,12.5,1,-0.00931,0.00188,11,5,4,35.88,0,0,3.85862222870103,0.46373401623214
"Passeriformes","Laniidae","Lanius senator ",1.15,27.8,36,0.13238,0.249248236300582,5.7,1,-0.29932,-0.33551,15,5.5,4,41.14,1,0,3.32503602069659,0.139761942375159
"Passeriformes","Leiothrichidae","Leiothrix lutea",0.95,21.8,21.5,0.10886,0.230574760797785,15,1,0.14415,0.16186,12,3,4,30.46,2,1,3.08190996979504,-0.0512932943875506
"Passeriformes","Locustellidae","Locustella fluviatilis",0.45,18.8,16.1,-0.17944,-0.0555865829020168,6.9,1,-0.17894,-0.19921,14,5.5,4,28,1,0,2.9338568698359,-0.798507696217772
"Passeriformes","Locustellidae","Locustella luscinioides ",0.57,15,13.9,-0.02156,0.106885109557662,9.8,1,-0.00497,-0.00391,11,4.5,4,42.17,1,0,2.70805020110221,-0.562118918153541
"Passeriformes","Locustellidae","Locustella naevia ",0.6,11.8,13.3,0.0594,0.191997926045484,5.9,1,-0.2024,-0.23516,13,5.5,4,51.57,1,0,2.46809953147162,-0.510825623765991
"Passeriformes","Maluridae","Malurus cyaneus",0.49,8.3,10.4,0.05748,0.196846588763145,10.4,1,0.07743,0.08154,14,3.5,4,33.45,2,0,2.11625551480255,-0.713349887877465
"Passeriformes","Mimidae","Dumetella carolinensis",1.18,37.8,34.5,0.06842,0.179536653676733,17.9,1,0.16827,0.19079,13,4,4,41.7,2,0,3.63230910262554,0.165514438477573
"Passeriformes","Mimidae","Mimus polyglottos",1.43,45.2,53,0.10815,0.215202041310866,20,1,0.19935,0.22449,12,4,4,34.15,1,0,3.81109708683819,0.357674444271816
"Passeriformes","Mimidae","Toxostoma curvirostre",2.21,78.4,80.65,0.16253,0.259163934189814,10.8,1,-0.12092,-0.11589,13,3,4,27.45,0,0,4.36182392735636,0.792992515529661
"Passeriformes","Motacillidae","Anthus pratensis ",0.483,19.3,18.4,-0.15449,-0.0306551229489228,8.8,1,-0.07557,-0.08024,13,4,4,56,1,0,2.96010509591084,-0.727738625329564
"Passeriformes","Motacillidae","Anthus spinoletta ",0.58,20.7,21.2,-0.09277,0.0289255489009782,8.8,1,-0.08251,-0.08721,14,4,4,54.17,1,0,3.03013370027132,-0.544727175441672
"Passeriformes","Motacillidae","Anthus trivialis ",0.624,23.4,23.4,-0.091,0.0287622866523767,8.8,1,-0.09424,-0.09898,13,4,4,51.25,1,0,3.15273602236366,-0.471604910612709
"Passeriformes","Motacillidae","Motacilla alba ",0.532,20.8,24.1,-0.13088,-0.00868130510371246,13.7,1,0.1095,0.12427,13,5,4,45.59,1,0,3.03495298670727,-0.631111789640493
"Passeriformes","Motacillidae","Motacilla cinerea ",0.526,17.4,17.2,-0.09204,0.033653307262154,8,1,-0.10702,-0.11726,12,5,4,49.1,1,0,2.85647020622048,-0.642454066244427
"Passeriformes","Motacillidae","Motacilla flava ",0.426,17.5,17.7,-0.18502,-0.0601672547519176,8.8,1,-0.06618,-0.07082,11,5,4,45.34,1,0,2.86220088092947,-0.853315932712767
"Passeriformes","Muscicapidae","Erithacus rubecula ",0.62,17.6,17.3,-0.02344,0.101619037238701,19.3,1,0.27435,0.29899,14,5,4,48.87,2,0,2.86789890204411,-0.478035800943
"Passeriformes","Muscicapidae","Ficedula albicollis ",0.47,10.3,12.7,-0.01341,0.121802312322229,9.8,1,0.03098,0.03217,13,5.5,4,48.56,1,0,2.33214389523559,-0.755022584278033
"Passeriformes","Muscicapidae","Ficedula hypoleuca ",0.378,12,13.9,-0.14537,-0.0132500519873505,15,1,0.20124,0.21916,14,6.5,4,50.77,2,0,2.484906649788,-0.972861083362549
"Passeriformes","Muscicapidae","Luscinia luscinia ",0.75,25,23.8,-0.02729,0.0911635205163494,8.9,1,-0.09565,-0.09979,13,4.5,4,52.5,1,0,3.2188758248682,-0.287682072451781
"Passeriformes","Muscicapidae","Luscinia megarhynchos ",0.73,20.1,19.7,0.01432,0.136814650961956,10.9,1,0.01325,0.01916,13,4.5,4,40.9,1,0,3.00071981506503,-0.3147107448397
"Passeriformes","Muscicapidae","Luscinia svecica",0.683,21.6,17.3,-0.03244,0.0890021768165473,11.4,1,0.02584,0.03365,13,6,4,50.2,1,0,3.07269331469012,-0.381260419411347
"Passeriformes","Muscicapidae","Muscicapa striata ",0.477,15.2,15.9,-0.10216,0.0262439855295181,11.8,1,0.07442,0.08376,13,5,4,50.25,0,1,2.72129542785223,-0.740238788093796
"Passeriformes","Muscicapidae","Phoenicurus ochruros ",0.55,15.8,16.5,-0.049,0.0781411754591591,10.2,1,0.00774,0.01072,15,5,4,43.87,1,0,2.76000994003292,-0.59783700075562
"Passeriformes","Muscicapidae","Phoenicurus phoenicurus ",0.493,15.3,14.6,-0.08863,0.0396371315248275,10.2,1,0.01083,0.01381,13,6,4,48.93,1,0,2.72785282839839,-0.707246104939447
"Passeriformes","Muscicapidae","Saxicola rubetra ",0.67,16.6,16.6,0.02385,0.150183533351275,6.9,1,-0.16704,-0.18727,13,5.5,4,53.59,1,0,2.8094026953625,-0.400477566597125
"Passeriformes","Muscicapidae","Saxicola torquatus",0.63,15.3,10.3,0.01706,0.144423423515446,8.8,1,-0.0536,-0.0582,13,5,4,15.18,1,0,2.72785282839839,-0.462035459596559
"Passeriformes","Oriolidae","Oriolus oriolus ",1.309,71.1,79,-0.04085,0.0576518023868185,14.8,1,0.02533,0.04221,16,3.5,4,42.93,1,0,4.26408733680919,0.269263486927763
"Passeriformes","Panuridae","Panurus biarmicus ",0.524,15.3,13.8,-0.06295,0.0644234235154463,7.1,1,-0.14683,-0.16496,12,6,4,46.63,1,0,2.72785282839839,-0.646263594661095
"Passeriformes","Paridae","Baeolophus bicolor",1.05,21.6,21,0.15458,0.276002176816547,13.3,1,0.09279,0.10652,13,6,4,35.8,1,0,3.07269331469012,0.048790164169432
"Passeriformes","Paridae","Parus ater ",0.569,9.5,9.2,0.09067,0.227862764500471,9.5,1,0.02571,0.02538,15,8.5,4,44.54,1,0,2.2512917986065,-0.563874844855806
"Passeriformes","Paridae","Parus atricapillus",0.79,12,10.4,0.17476,0.30774994801265,12.4,1,0.11857,0.12993,12,7,4,50.08,2,0,2.484906649788,-0.23572233352107
"Passeriformes","Paridae","Parus caeruleus",0.65,10.8,10.3,0.11604,0.250665232228417,14.6,1,0.19966,0.21677,14,10,4,48.9,1,0,2.37954613413017,-0.430782916092454
"Passeriformes","Paridae","Parus carolinensis",0.62,10.2,10.25,0.10927,0.244229728340991,10.9,1,0.07811,0.08426,13,6,4,34.48,1,0,2.32238772029023,-0.478035800943
"Passeriformes","Paridae","Parus cristatus",0.7,10.2,11.1,0.16198,0.297229728340991,11.6,1,0.10514,0.11393,14,6.5,4,51.95,1,0,2.32238772029023,-0.356674943938732
"Passeriformes","Paridae","Parus gambeli",0.78,11.3,11.5,0.18393,0.317528152134605,10.1,1,0.03521,0.03784,14,7,4,45.68,0,0,2.42480272571829,-0.2484613592985
"Passeriformes","Paridae","Parus hudsonicus",0.74,11,10,0.16764,0.301810400190892,7,1,-0.12144,-0.14047,15,6,4,56.35,0,0,2.39789527279837,-0.301105092783922
"Passeriformes","Paridae","Parus major ",0.85,18.5,17.9,0.1007,0.224661395130817,15.4,1,0.17127,0.18984,13,10.5,4,30.84,2,0,2.91777073208428,-0.162518929497775
"Passeriformes","Parulidae","Cardellina rubrifrons",0.45,9.8,9.8,-0.02013,0.116153100425422,3,1,-0.47837,-0.6065,13,4,4,29.17,1,0,2.28238238567653,-0.798507696217772
"Passeriformes","Parulidae","Dendroica caerulescens",0.45,9.4,10.2,-0.00994,0.127076472509853,10,1,0.0485,0.05071,13,4,4,41.65,0,0,2.24070968927596,-0.798507696217772
"Passeriformes","Parulidae","Dendroica castanea",0.41,12,11.5,-0.11008,0.0227499480126495,4.9,1,-0.28466,-0.33591,12,5,4,53.6,0,0,2.484906649788,-0.891598119283784
"Passeriformes","Parulidae","Dendroica coronata",0.528,12.6,12,-0.01187,0.120006013914147,10,1,0.02048,0.02259,12,4,4,46.91,1,0,2.53369681395743,-0.638658995275876
"Passeriformes","Parulidae","Dendroica magnolia",0.38,8.7,7.5,-0.06444,0.0741026546646424,8,1,-0.04101,-0.05101,12,4,4,51.13,0,0,2.16332302566054,-0.967584026261706
"Passeriformes","Parulidae","Dendroica pensylvanica",0.39,9.4,9,-0.07208,0.0650764725098528,6.9,1,-0.11265,-0.13268,12,4,4,44.68,0,0,2.24070968927596,-0.941608539858445
"Passeriformes","Parulidae","Dendroica petechia",0.54,9.8,9.8,0.05905,0.195153100425422,11,1,0.0859,0.09247,12,3,4,33.35,1,0,2.28238238567653,-0.616186139423817
"Passeriformes","Parulidae","Helmitheros vermivorum",0.61,14.2,12.5,0.0213,0.150449605670236,8.1,1,-0.08247,-0.09187,13,5,4,36.7,0,0,2.65324196460721,-0.49429632181478
"Passeriformes","Parulidae","Limnothlypis swainsonii",0.69,14,13.5,0.07829,0.20809072969838,9.9,1,0.00604,0.00762,14,3,4,33.87,2,0,2.63905732961526,-0.371063681390832
"Passeriformes","Parulidae","Mniotilta varia",0.46,12,10.9,-0.06011,0.0727499480126495,12.2,1,0.1115,0.12225,11,5,4,47.65,0,0,2.484906649788,-0.776528789498996
"Passeriformes","Parulidae","Myioborus pictus",0.4,9.8,9.75,-0.07128,0.065153100425422,6.6,1,-0.13594,-0.15935,13,4,4,24.55,1,0,2.28238238567653,-0.916290731874155
"Passeriformes","Parulidae","Protonotaria citrea",0.61,15.5,14.3,-0.00012,0.127389153491993,8.1,1,-0.09084,-0.10028,13,5,4,35.56,0,0,2.7408400239252,-0.49429632181478
"Passeriformes","Parulidae","Seiurus aurocapilla",0.73,22.1,18.8,-0.00888,0.111933636769641,11,1,0.00814,0.01442,12,4,4,47.28,1,0,3.09557760852371,-0.3147107448397
"Passeriformes","Parulidae","Setophaga ruticilla",0.37,7.8,8.5,-0.04932,0.091231646889791,10.1,1,0.07066,0.07342,12,4,4,47.48,1,0,2.05412373369555,-0.994252273343867
"Passeriformes","Parulidae","Vermivora peregrina",0.45,9.5,8.5,-0.01252,0.1240422024864,6.4,1,-0.14634,-0.17216,11,6,4,55.35,0,0,2.2512917986065,-0.798507696217772
"Passeriformes","Parulidae","Vermivora pinus",0.42,8.4,8.9,-0.01239,0.126812318739692,9,1,0.0135,0.01035,11,5,4,38.9,0,0,2.12823170584927,-0.867500567704723
"Passeriformes","Passeridae","Passer hispaniolensis ",0.93,27.7,24.2,0.04105,0.157461944309963,11.2,1,-0.00563,0.00134,12,5,4,30.37,1,0,3.32143241319329,-0.0725706928348354
"Passeriformes","Passeridae","Passer montanus ",0.758,22.1,20.5,0.00747,0.128933636769641,13.1,1,0.08402,0.0972,13,5,4,30.61,1,0,3.09557760852371,-0.277071893339765
"Passeriformes","Phylloscopidae","Phylloscopus collybita ",0.362,7.7,8.3,-0.05566,0.0858727709179346,8,1,-0.02934,-0.03929,14,5.5,4,48.9,1,0,2.04122032885964,-1.01611106715637
"Passeriformes","Phylloscopidae","Phylloscopus trochilus ",0.31,8.9,8.7,-0.15704,-0.0191453233681917,11.8,1,0.12614,0.13568,13,6,4,57.16,1,0,2.18605127673809,-1.17118298150295
"Passeriformes","Prunellidae","Prunella modularis ",0.681,21.3,20.2,-0.02947,0.0922501548493816,20.8,1,0.28856,0.31485,13,5,4,53.76,2,0,3.05870707271538,-0.384192972832625
"Passeriformes","Pycnonotidae","Pycnonotus jocosus",0.96,27.4,27.7,0.0575,0.173889360328726,11.1,1,-0.00849,-0.0019,12,2.5,4,16.7,1,0,3.31054301339402,-0.0408219945202552
"Passeriformes","Regulidae","Regulus regulus ",0.332,5.8,5.6,-0.02393,0.122515813494878,7,1,-0.06023,-0.07904,16,10,4,48,1,0,1.75785791755237,-1.10262031006565
"Passeriformes","Remizidae","Auriparus flaviceps",0.46,6.6,6.8,0.08609,0.229925135227514,5.6,1,-0.1695,-0.20683,14,4,4,29.19,1,0,1.88706964903238,-0.776528789498996
"Passeriformes","Remizidae","Remiz pendulinus ",0.45,9.2,9.3,-0.00334,0.13435872056614,7,1,-0.10383,-0.1228,13,7,4,45.45,1,0,2.21920348405499,-0.798507696217772
"Passeriformes","Sittidae","Sitta canadensis",0.59,10.5,11.2,0.08064,0.215947480284704,7.5,1,-0.08702,-0.10124,12,5.5,4,47.45,0,0,2.35137525716348,-0.527632742082372
"Passeriformes","Sittidae","Sitta carolinensis",0.89,17.8,20.5,0.1301,0.254977913210558,9.8,1,-0.02133,-0.02033,12,8,4,37.15,1,0,2.87919845729804,-0.116533816255952
"Passeriformes","Sittidae","Sitta europaea ",0.979,23.9,20.4,0.09943,0.219300600610161,12.9,1,0.06985,0.08245,15,8.5,4,38.5,1,0,3.17387845893747,-0.0212236364516267
"Passeriformes","Sittidae","Sitta pygmaea",0.57,10.4,10.7,0.068,0.203374896303467,8.2,1,-0.04736,-0.0559,15,7,4,34.7,0,0,2.34180580614733,-0.562118918153541
"Passeriformes","Sturnidae","Lamprotornis hildebrandti",1.989,84.8,55.8,0.09755,0.192924044025643,16.9,1,0.06601,0.08672,14,3.5,4,1.9,0,1,4.44029554279786,0.687631999871835
"Passeriformes","Sturnidae","Sturnus vulgaris ",1.708,80.5,74,0.04416,0.139881686133526,22.9,1,0.20297,0.23079,12,5,4,48.26,2,0,4.38825718442452,0.535323095366378
"Passeriformes","Sylviidae","Sylvia atricapilla ",0.634,18.1,16.7,-0.02061,0.104336789182414,13.8,1,0.12598,0.14106,11,5,4,42.55,1,0,2.89591193827178,-0.455706324544911
"Passeriformes","Sylviidae","Sylvia borin ",0.578,19.1,24.6,-0.07396,0.0497722930698397,24,1,0.36116,0.3904,11,4.5,4,53.53,0,1,2.94968833505258,-0.54818141030976
"Passeriformes","Sylviidae","Sylvia communis ",0.517,14.5,17.7,-0.05565,0.0729879196280206,8.9,1,-0.04356,-0.04751,11,4.5,4,50.12,1,0,2.67414864942653,-0.659712404473708
"Passeriformes","Sylviidae","Sylvia curruca ",0.508,12.4,11.4,-0.02502,0.107253991946981,9,1,-0.02375,-0.02703,12,5,4,49.05,1,0,2.51769647261099,-0.677273831403655
"Passeriformes","Sylviidae","Sylvia melanocephala ",0.52,11.8,11.7,-0.00171,0.131211634054865,8.3,1,-0.05376,-0.06163,13,4,4,34.93,1,0,2.46809953147162,-0.653926467406664
"Passeriformes","Sylviidae","Sylvia nisoria",0.71,22.8,22.5,-0.02857,0.0914376807039731,11.9,1,0.03931,0.04885,12,4.5,4,49.5,1,0,3.1267605359604,-0.342490308946776
"Passeriformes","Thraupidae","Coereba flaveola",0.46,8.5,10.1,0.02422,0.163778048716239,8.6,1,-0.00738,-0.01306,13,3,4,2.94,1,0,2.14006616349627,-0.776528789498996
"Passeriformes","Thraupidae","Thraupis episcopus",1.15,31.1,35,0.10495,0.219512390070743,9.5,1,-0.0882,-0.08896,13,2,4,1.8,1,0,3.43720781918519,0.139761942375159
"Passeriformes","Troglodytidae","Campylorhynchus brunneicapillus",1.39,38.9,38.9,0.13254,0.242647551615755,7.3,1,-0.224,-0.24051,16,4,4,29.01,0,0,3.6609942506244,0.3293037471426
"Passeriformes","Troglodytidae","Thryomanes bewickii",0.54,9.8,9.8,0.05905,0.195153100425422,8,1,-0.0524,-0.06244,14,6,4,33.5,0,0,2.28238238567653,-0.616186139423817
"Passeriformes","Troglodytidae","Thryothorus ludovicianus",0.88,18.7,17.5,0.11313,0.236627125107364,9.2,1,-0.05349,-0.05574,14,4,4,31.15,1,0,2.92852352386054,-0.127833371509885
"Passeriformes","Troglodytidae","Troglodytes aedon",0.53,12.2,9.7,-0.00163,0.130108823984506,9,1,-0.0218,-0.02507,13,7,4,2,1,0,2.50143595173921,-0.63487827243597
"Passeriformes","Turdidae","Catharus fuscescens",0.95,41.5,28.8,-0.04857,0.060655639484418,10.1,1,-0.08919,-0.08702,11,4,4,45.37,0,0,3.72569342723665,-0.0512932943875506
"Passeriformes","Turdidae","Catharus guttatus",0.967,38.1,27.8,-0.02011,0.0901092376579702,10.8,1,-0.05197,-0.0467,12,4,4,48.56,1,0,3.64021428213266,-0.0335567835288428
"Passeriformes","Turdidae","Catharus minimus",0.8,32.8,24.8,-0.06567,0.0475547479628589,7.3,1,-0.20769,-0.22414,13,4,4,59.01,0,0,3.4904285153901,-0.22314355131421
"Passeriformes","Turdidae","Sialia mexicana",0.87,26.4,26.5,0.02384,0.141599024403775,8.7,1,-0.11073,-0.11616,14,5,4,35.73,1,0,3.27336401015227,-0.139262067333508
"Passeriformes","Turdidae","Sialia sialis",1.026,29.7,30.5,0.06651,0.181649470164555,10.5,1,-0.04033,-0.03623,14,4,4,33.25,1,0,3.39114704580865,0.0256677467485778
"Passeriformes","Turdidae","Turdus iliacus ",1.326,62.9,61.2,-0.00525,0.0964219186401107,18.8,1,0.14096,0.16452,12,5,4,60.09,1,0,4.1415461637064,0.282166891763671
"Passeriformes","Turdidae","Turdus merula ",1.935,95.9,103.2,0.05568,0.148760781777041,21.8,1,0.1649,0.19166,13,4,4,38.89,1,0,4.56330598188939,0.660107326481745
"Passeriformes","Turdidae","Turdus philomelos ",1.586,72.1,67.8,0.03893,0.137010678358675,17.7,1,0.10164,0.12364,13,4,4,53.17,1,0,4.2780540442909,0.461215123212656
"Passeriformes","Turdidae","Turdus pilaris ",1.787,105.1,106,-0.00129,0.0900934755941079,18.1,1,0.07536,0.09779,11,5.5,4,57.88,1,0,4.65491227788291,0.580538236177291
"Passeriformes","Turdidae","Turdus torquatus ",1.734,107.8,109,-0.02057,0.0704180815425112,9.1,1,-0.22571,-0.22915,13,4,4,53.63,1,0,4.6802776584749,0.55043087835835
"Passeriformes","Turdidae","Turdus viscivorus ",2.395,117.8,117.5,0.09787,0.186750775359578,21.2,1,0.13306,0.15915,13,4,4,49.84,1,0,4.76898827121749,0.873383230862879
"Passeriformes","Tyrannidae","Contopus virens",0.47,14.2,13.9,-0.09193,0.037449605670236,8.2,1,-0.07714,-0.0858,13,3,4,39.51,0,0,2.65324196460721,-0.755022584278033
"Passeriformes","Tyrannidae","Elaenia martinica",0.67,18.6,20.9,-0.00396,0.119840833116746,13.6,1,0.11677,0.13133,14,2.5,4,16.6,1,0,2.92316158071916,-0.400477566597125
"Passeriformes","Tyrannidae","Empidonax minimus",0.38,10.5,10,-0.11043,0.0249474802847041,8,1,-0.059,-0.06906,14,4,4,52.45,1,0,2.35137525716348,-0.967584026261706
"Passeriformes","Tyrannidae","Empidonax oberholseri",0.421,12.3,10.95,-0.10364,0.0286814079657436,9,1,-0.02271,-0.02599,15,4,4,45.65,1,0,2.50959926237837,-0.865122445299756
"Passeriformes","Tyrannidae","Empidonax virescens",0.45,12.9,12.6,-0.08734,0.0433306198625505,12.1,1,0.10101,0.11141,13,3,4,35.85,1,0,2.55722731136763,-0.798507696217772
"Passeriformes","Tyrannidae","Myiarchus cinerascens",0.8,28.8,28.5,-0.03387,0.0821454262302229,11.9,1,0.01697,0.02643,15,4,4,33.5,1,0,3.3603753871419,-0.22314355131421
"Passeriformes","Tyrannidae","Myiarchus tyrannulus",1.02,35.3,35,0.02187,0.13413541981276,11,1,-0.03664,-0.03053,14,4.5,4,2.5,1,0,3.56388296393925,0.0198026272961797
"Passeriformes","Tyrannidae","Pyrocephalus rubinus",0.48,12.7,12.87,-0.05549,0.0755785978953845,5.5,1,-0.23991,-0.2792,14,3,4,1.24,1,0,2.54160199346455,-0.7339691750802
"Passeriformes","Tyrannidae","Sayornis nigricans",0.51,18.6,18.25,-0.12247,0.0018408331167456,8,1,-0.11367,-0.12394,16,4,4,6.9,1,0,2.92316158071916,-0.673344553263766
"Passeriformes","Tyrannidae","Tyrannus tyrannus",0.98,39.5,39.9,-0.02299,0.0863995735829206,11.1,1,-0.04346,-0.037,12,3,4,44.92,0,0,3.67630067190708,-0.0202027073175195
"Passeriformes","Vireonidae","Vireo olivaceus",0.63,20.3,17,-0.05209,0.0703872349431936,10.2,1,-0.01653,-0.01364,12,3.5,4,15.3,0,0,3.01062088604774,-0.462035459596559
"Passeriformes","Vireonidae","Vireo philadelphicus",0.48,12.2,12,-0.04567,0.0865019699798152,9.8,1,0.01479,0.01592,14,4,4,51.5,1,0,2.50143595173921,-0.7339691750802
"Passeriformes","Zosteropidae","Zosterops japonicus",0.56,10.2,11.25,0.06507,0.200229728340991,5.1,1,-0.25174,-0.29859,11,3.5,4,30.96,1,0,2.32238772029023,-0.579818495252942
"Passeriformes","Zosteropidae","Zosterops lateralis",0.49,10.6,12.7,-0.00233,0.132520064265942,13,1,0.15095,0.16412,11,3,4,29.23,2,0,2.36085400111802,-0.713349887877465
"Pelecaniformes","Ardeidae","Ardea cinerea ",7.935,1433,1443,0.00711,0.0493141802702811,37.5,2,0.14182,0.16422,26,4,4,16.59,1,0,7.26752542782817,2.07128335397837
"Pelecaniformes","Ardeidae","Botaurus stellaris ",6.1,1405,1325,-0.10229,-0.0608309876921943,11.3,2,-0.43086,-0.46945,25,5.5,4,16.7,1,0,7.24779258176785,1.80828877117927
"Pelecaniformes","Ardeidae","Bubulcus ibis ",4.23,307.5,390,0.11027,0.180692655403599,23,2,0.0767,0.08393,22,3,4,5.57,1,0,5.72847508724657,1.44220199305819
"Pelecaniformes","Ardeidae","Casmerodius albus",5.5,873.5,873.5,-0.03102,0.0197877912787594,22.8,2,-0.02693,-0.02043,23,3,4,10.2,1,0,6.77250812957411,1.70474809223843
"Pelecaniformes","Ardeidae","Egretta garzetta ",3.7,450,312,-0.04099,0.022561744629651,22.3,1,0.01076,0.03739,22,4.5,4,3.49,1,0,6.10924758276437,1.30833281965018
"Pelecaniformes","Ardeidae","Ixobrychus minutus ",1.6,147.5,101,-0.1323,-0.0477209171001005,6.9,2,-0.37593,-0.47758,18,5.5,4,13.96,1,0,4.99382817577987,0.470003629245736
"Pelecaniformes","Ardeidae","Nycticorax nycticorax ",5.9,636,800,0.07706,0.134533643926062,21.1,1,-0.03024,-0.00484,25,4,4,9.49,1,0,6.45519856334012,1.77495235091167
"Pelecaniformes","Pelecanidae","Pelecanus onocrotalus ",33,9520,9520,0.16299,0.16887333440992,51,3,0.09428,0.11348,35,2,4,6.05,2,1,9.16115012778541,3.49650756146648
"Pelecaniformes","Threskiornithidae","Geronticus eremita ",8.2,1200,1202,0.06477,0.110041938631457,32.9,4,0.10196,0.09192,24,3,4,33.13,2,1,7.09007683577609,2.10413415427021
"Pelecaniformes","Threskiornithidae","Platalea leucorodia ",10.8,1746,1868,0.09267,0.13012473586689,30.1,3,0.05855,0.0592,24,3.5,4,30.76,1,1,7.46508273639955,2.37954613413017
"Pelecaniformes","Threskiornithidae","Plegadis falcinellus ",4.6,633.8,431.2,-0.03016,0.0271404979307521,26.8,3,0.07395,0.06888,21,3,4,4.28,2,1,6.45173344725682,1.52605630349505
"Phaethontiformes","Phaethontidae","Phaethon rubricauda",4.683,672,593.2,-0.03676,0.0189691478134874,32.7,1,0.15476,0.18773,45,1,4,5.4,0,0,6.51025834052315,1.5439389302014
"Piciformes","Picidae","Dendrocopos major ",2.581,89.7,75.1,0.19714,0.291359547913068,12.7,1,-0.06336,-0.0518,11,5.5,4,43.34,1,0,4.49647076906475,0.948176920736477
"Piciformes","Picidae","Dendrocopos medius ",1.79,59,59,0.14051,0.242806976766757,8,1,-0.22407,-0.23473,12,5.5,4,44.62,1,0,4.07753744390572,0.582215619852664
"Piciformes","Picidae","Dendrocopos minor ",1.2,21.5,19.8,0.21371,0.335215884825929,9.8,1,-0.03939,-0.03846,11,5,4,52.82,1,0,3.06805293513362,0.182321556793955
"Piciformes","Picidae","Dryocopus martius ",7.12,273.2,321,0.36538,0.43824906364751,14,1,-0.12758,-0.11298,12,5,4,49.17,1,0,5.61020412769664,1.96290772542388
"Piciformes","Picidae","Jynx torquilla ",0.854,37.4,35,-0.06907,0.0415709237001855,10,1,-0.08343,-0.08171,13,8.5,4,50.7,1,0,3.62167070442049,-0.157824085193567
"Piciformes","Picidae","Picoides borealis",1.72,47.9,56,0.1741,0.280030691193601,16.1,1,0.0996,0.11915,11,3,4,31.6,1,0,3.86911550441687,0.542324290825362
"Piciformes","Picidae","Picoides tridactylus ",3.06,74.6,65.7,0.31618,0.414514722293007,11.2,1,-0.10031,-0.09369,11,4,4,43.65,1,0,4.31214050720972,1.11841491596429
"Piciformes","Picidae","Picus viridis ",4.32,193.5,176,0.23269,0.311670310346409,15.2,1,-0.05889,-0.04154,18,6,4,50.37,1,0,5.26527751246984,1.46325540225602
"Podicipediformes","Podicipedidae","Podiceps cristatus ",3.76,875,738.7,-0.19662,-0.145819062725931,19.2,2,-0.10173,-0.10313,38,3.5,1,10.81,1,0,6.77422388635761,1.3244189574018
"Podicipediformes","Podicipedidae","Podiceps grisegena ",2.936,829.5,1100,-0.29098,-0.238861420618048,11,1,-0.33853,-0.33353,22,4.5,1,52.37,0,0,6.7208231096305,1.07704811075227
"Podicipediformes","Podicipedidae","Tachybaptus ruficollis ",1.62,135,174,-0.10524,-0.0180536109171671,17.5,1,0.03673,0.0582,20,5,1,13.03,1,0,4.90527477843843,0.482426149244293
"Procellariiformes","Diomedeidae","Diomedea exulans",29.267,7650,8130,0.16434,0.173524464855527,50,10,0.10659,0.05529,80,1,2,42.97,1,0,8.94246092682058,3.37646060142974
"Procellariiformes","Diomedeidae","Thalassarche melanophrys",18.524,3387.5,3232,0.1649,0.190350782515998,43.7,8,0.126,0.08409,71,1,2,38.9,1,0,8.12784746518796,2.91906718861851
"Procellariiformes","Procellariidae","Bulweria bulwerii ",1.39,99,99,-0.0959,-0.00373517428862738,22.9,4,0.18319,0.14695,44,1,2,26.22,0,0,4.59511985013459,0.3293037471426
"Procellariiformes","Procellariidae","Calonectris diomedea ",5.1,571.8,535,0.0398,0.0994489281418289,24.8,3,0.0501,0.04063,53,1,2,29.07,1,0,6.34878927988821,1.62924053973028
"Procellariiformes","Procellariidae","Fulmarus glacialis ",6.8,795,908,0.08415,0.137668805471074,51,6,0.33171,0.32375,55,1,2,64.85,1,0,6.67834211465433,1.91692261218206
"Procellariiformes","Procellariidae","Puffinus puffinus",3.553,453,434,-0.06016,0.00374118261557921,50.9,5,0.38464,0.38634,51,1,2,8.99,1,0,6.11589212548303,1.26779231703889
"Psitacciformes","Psittacidae","Amazona aestiva",7.85,392.5,451,0.31911,0.385366130906396,49,3,0.41212,0.43145,30,2.5,4,20.05,2,1,5.97253653722246,2.06051353179432
"Psitacciformes","Psittacidae","Amazona amazonica",8.42,303.9,370,0.41211,0.482726925427052,30,3,0.19321,0.1942,26,3.5,4,5.9,1,1,5.71669869992275,2.13060982825424
"Psitacciformes","Psittacidae","Amazona finschi",7.92,298,302,0.39033,0.462188611469268,25.8,3,0.12959,0.12266,28,3,4,22.39,1,1,5.6970934865054,2.06939120582633
"Psitacciformes","Psittacidae","Amazona ochrocephala",8.01,483,430,0.27714,0.339749270484243,56,3,0.46686,0.4897,25,3,4,2.29,1,1,6.18001665365257,2.08069076108027
"Psitacciformes","Psittacidae","Ara ararauna",13.37,1357,1030,0.24702,0.289271822378165,43,4,0.29629,0.30044,26,2.5,4,6.04,2,1,7.21303165983487,2.59301339111385
"Psitacciformes","Psittacidae","Poicephalus meyeri",4,93,117.5,0.37857,0.472256737842709,34.2,3,0.36341,0.3707,28,3.5,4,4.64,1,1,4.53259949315326,1.38629436111989
"Sphenisciformes","Spheniscidae","Aptenodytes patagonicus",28.904,13220,13037,0.02515,0.0247000657438554,26,5,-0.22971,-0.27705,54,1,3,49.58,2,1,9.48948611340568,3.36397999384534
"Sphenisciformes","Spheniscidae","Spheniscus magellanicus",17.36,4500,4000,0.06727,0.0877077399390549,30,3,-0.06451,-0.06448,40,1,3,44.95,1,0,8.41183267575841,2.8541687092322
"Strigiformes","Strigidae","Asio otus",5.73,284.3,249.7,0.26127,0.33332569156308,27.8,1,0.16652,0.19737,27,4.5,3,49.23,0,0,5.65003001865695,1.74571553072665
"Strigiformes","Strigidae","Strix aluco",9.36,460.9,520,0.35625,0.418886350578054,22.4,1,0.02652,0.05328,29,3.5,3,47.4,1,0,6.13318109972646,2.2364452904895
"Strigiformes","Tytonidae","Tyto alba",5.83,525,580,0.11878,0.179902526315381,34,1,0.25626,0.29007,33,6,4,1.45,1,0,6.26339826259162,1.7630170003624
"Suliformes","Phalacrocoracidae","Phalacrocorax carbo ",9.863,3150,3629,-0.09104,-0.0642298893339031,27.2,4,-0.03863,-0.06167,30,4,4,18.28,0,0,8.05515773181968,2.28879038197186
"Suliformes","Sulidae","Morus bassanus ",19.2,2999.5,2950,0.21022,0.2375140447646,37.4,2,0.07003,0.0921,43,1,4,58.39,1,0,8.00620088709315,2.95491027903374
"Suliformes","Sulidae","Sula nebouxii",9.365,1237.5,1530,0.11496,0.159545982565789,18,2,-0.16291,-0.16781,41,2,4,7.1,1,0,7.12084849444285,2.23697933589605
"Suliformes","Sulidae","Sula sula",9.365,1237.5,1017,0.11496,0.159545982565789,23,2,-0.05645,-0.04971,44,1,4,1.5,1,0,7.12084849444285,2.23697933589605
